map_event_id,object_name,event_file,activationFlag,compFlag1,compFlag2,mapID,levelUMap
0,MM_M085_Foothold_1,,0,0,0,0,b'LV_EventSample\x00\x00\x00\x00\x00\x00\x00\x00\x00\x00\x00\x00\x00\x00\x00\x00\x00\x00'
0,MM_M085_Foothold_2,,0,0,0,0,b'LV_EventSample\x00\x00\x00\x00\x00\x00\x00\x00\x00\x00\x00\x00\x00\x00\x00\x00\x00\x00'
1,MM_M062_EM0041_2,,1101,1102,1102,62,b'LV_MainMission_M062\x00\x00\x00\x00\x00\x00\x00\x00\x00\x00\x00\x00\x00'
2,,M062\MM_M062_EM0044.uasset.json,1102,1296,1296,62,b'LV_MainMission_M062\x00\x00\x00\x00\x00\x00\x00\x00\x00\x00\x00\x00\x00'
3,,M062\MM_M062_EM0120_Direct.uasset.json,44,1297,1297,62,b'LV_MainMission_M062\x00\x00\x00\x00\x00\x00\x00\x00\x00\x00\x00\x00\x00'
4,,M062\MM_M062_EM0122.uasset.json,1101,1298,1298,62,b'LV_MainMission_M062\x00\x00\x00\x00\x00\x00\x00\x00\x00\x00\x00\x00\x00'
5,,M062\MM_M062_EM0123.uasset.json,1101,1299,1299,62,b'LV_MainMission_M062\x00\x00\x00\x00\x00\x00\x00\x00\x00\x00\x00\x00\x00'
6,,M062\MM_M062_EM0124.uasset.json,1101,1300,1300,62,b'LV_MainMission_M062\x00\x00\x00\x00\x00\x00\x00\x00\x00\x00\x00\x00\x00'
7,,M062\MM_M062_EM0125.uasset.json,1296,1305,1305,62,b'LV_MainMission_M062\x00\x00\x00\x00\x00\x00\x00\x00\x00\x00\x00\x00\x00'
8,,M063\MM_M063_EM0130.uasset.json,58,1307,1307,63,b'LV_m063_EventHit\x00\x00\x00\x00\x00\x00\x00\x00\x00\x00\x00\x00\x00\x00\x00\x00'
9,,M060\MM_M060_E0763.uasset.json,94,127,127,60,b'LV_m060_EventHit\x00\x00\x00\x00\x00\x00\x00\x00\x00\x00\x00\x00\x00\x00\x00\x00'
10,,M060\MM_M060_E0764.uasset.json,127,128,0,60,b'LV_m060_EventHit\x00\x00\x00\x00\x00\x00\x00\x00\x00\x00\x00\x00\x00\x00\x00\x00'
11,,M060\MM_M060_E0766.uasset.json,127,128,0,60,b'LV_m060_EventHit\x00\x00\x00\x00\x00\x00\x00\x00\x00\x00\x00\x00\x00\x00\x00\x00'
11,,M060\MM_M060_E0767.uasset.json,127,128,0,60,b'LV_m060_EventHit\x00\x00\x00\x00\x00\x00\x00\x00\x00\x00\x00\x00\x00\x00\x00\x00'
12,,M060\MM_M060_EM0140.uasset.json,128,1308,1308,60,b'LV_m060_EventHit\x00\x00\x00\x00\x00\x00\x00\x00\x00\x00\x00\x00\x00\x00\x00\x00'
13,,M060\MM_M060_EM0141.uasset.json,93,1309,1309,60,b'LV_m060_EventHit\x00\x00\x00\x00\x00\x00\x00\x00\x00\x00\x00\x00\x00\x00\x00\x00'
14,,M060\MM_M060_EM0143.uasset.json,94,1310,1310,60,b'LV_m060_EventHit\x00\x00\x00\x00\x00\x00\x00\x00\x00\x00\x00\x00\x00\x00\x00\x00'
15,,M060\MM_M060_EM0145.uasset.json,94,1311,1311,60,b'LV_m060_EventHit\x00\x00\x00\x00\x00\x00\x00\x00\x00\x00\x00\x00\x00\x00\x00\x00'
16,,M060\MM_M060_EM0147.uasset.json,94,1312,1312,60,b'LV_m060_EventHit\x00\x00\x00\x00\x00\x00\x00\x00\x00\x00\x00\x00\x00\x00\x00\x00'
17,,M036\MM_M036_E0642.uasset.json,69,130,130,36,b'LV_m036_2F_EventHit\x00\x00\x00\x00\x00\x00\x00\x00\x00\x00\x00\x00\x00'
18,,M036\MM_M036_E0643.uasset.json,130,131,131,36,b'LV_m036_2F_EventHit\x00\x00\x00\x00\x00\x00\x00\x00\x00\x00\x00\x00\x00'
19,,M085\MM_M085_E0730_ready.uasset.json,90,124,124,85,b'LV_m085_01_EventHit\x00\x00\x00\x00\x00\x00\x00\x00\x00\x00\x00\x00\x00'
20,,M036\MM_M036_E0644.uasset.json,131,132,132,36,b'LV_m036_2F_EventHit\x00\x00\x00\x00\x00\x00\x00\x00\x00\x00\x00\x00\x00'
21,,,0,0,0,17,b'LV_E1015\x00\x00\x00\x00\x00\x00\x00\x00\x00\x00\x00\x00\x00\x00\x00\x00\x00\x00\x00\x00\x00\x00\x00\x00'
22,,,0,138,138,99,b'LV_E0170\x00\x00\x00\x00\x00\x00\x00\x00\x00\x00\x00\x00\x00\x00\x00\x00\x00\x00\x00\x00\x00\x00\x00\x00'
23,,,136,1,1,82,b'LV_E0185\x00\x00\x00\x00\x00\x00\x00\x00\x00\x00\x00\x00\x00\x00\x00\x00\x00\x00\x00\x00\x00\x00\x00\x00'
24,,,1,2,2,83,b'LV_E0190\x00\x00\x00\x00\x00\x00\x00\x00\x00\x00\x00\x00\x00\x00\x00\x00\x00\x00\x00\x00\x00\x00\x00\x00'
25,,,4,5,5,81,b'LV_E0215\x00\x00\x00\x00\x00\x00\x00\x00\x00\x00\x00\x00\x00\x00\x00\x00\x00\x00\x00\x00\x00\x00\x00\x00'
26,,,0,0,0,61,b'LV_E0225\x00\x00\x00\x00\x00\x00\x00\x00\x00\x00\x00\x00\x00\x00\x00\x00\x00\x00\x00\x00\x00\x00\x00\x00'
27,EM_M061_TutorialTakkara,,1158,1289,1289,61,b'LV_MainMission_M061\x00\x00\x00\x00\x00\x00\x00\x00\x00\x00\x00\x00\x00'
28,,,5,6,6,61,b'LV_E0235\x00\x00\x00\x00\x00\x00\x00\x00\x00\x00\x00\x00\x00\x00\x00\x00\x00\x00\x00\x00\x00\x00\x00\x00'
29,,M063\MM_M063_EM0066.uasset.json,1118,1365,1365,63,b'LV_m063_EventHit\x00\x00\x00\x00\x00\x00\x00\x00\x00\x00\x00\x00\x00\x00\x00\x00'
30,,,0,649,649,61,b'LV_E0241\x00\x00\x00\x00\x00\x00\x00\x00\x00\x00\x00\x00\x00\x00\x00\x00\x00\x00\x00\x00\x00\x00\x00\x00'
31,,MM_M061_E0226.uasset.json,5,1454,1454,61,b'LV_MainMission_M061\x00\x00\x00\x00\x00\x00\x00\x00\x00\x00\x00\x00\x00'
32,,MM_M061_E0242.uasset.json,6,7,7,61,b'LV_m061_EventHit\x00\x00\x00\x00\x00\x00\x00\x00\x00\x00\x00\x00\x00\x00\x00\x00'
33,,MM_M061_E0250.uasset.json,7,8,8,61,b'LV_m061_EventHit\x00\x00\x00\x00\x00\x00\x00\x00\x00\x00\x00\x00\x00\x00\x00\x00'
34,,,0,1153,1153,61,b'LV_E0251M\x00\x00\x00\x00\x00\x00\x00\x00\x00\x00\x00\x00\x00\x00\x00\x00\x00\x00\x00\x00\x00\x00\x00'
35,,MM_M061_E0243.uasset.json,1153,9,9,61,b'LV_m061_EventHit\x00\x00\x00\x00\x00\x00\x00\x00\x00\x00\x00\x00\x00\x00\x00\x00'
36,,EM_M061_DevilTalk.uasset.json,7,1144,1144,61,b'LV_MainMission_M061\x00\x00\x00\x00\x00\x00\x00\x00\x00\x00\x00\x00\x00'
37,,M062\MM_M062_EM003x_EM0121.uasset.json,45,1096,1096,62,b'LV_MainMission_M062\x00\x00\x00\x00\x00\x00\x00\x00\x00\x00\x00\x00\x00'
38,,,8,10,10,61,b'LV_E0260\x00\x00\x00\x00\x00\x00\x00\x00\x00\x00\x00\x00\x00\x00\x00\x00\x00\x00\x00\x00\x00\x00\x00\x00'
39,,,1219,11,11,61,b'LV_E0261\x00\x00\x00\x00\x00\x00\x00\x00\x00\x00\x00\x00\x00\x00\x00\x00\x00\x00\x00\x00\x00\x00\x00\x00'
40,,,11,12,12,61,b'LV_E0120M\x00\x00\x00\x00\x00\x00\x00\x00\x00\x00\x00\x00\x00\x00\x00\x00\x00\x00\x00\x00\x00\x00\x00'
41,MM_M061_E0262,,12,13,13,61,b'LV_m061_EventHit\x00\x00\x00\x00\x00\x00\x00\x00\x00\x00\x00\x00\x00\x00\x00\x00'
42,,,0,0,0,61,b'LV_E0310\x00\x00\x00\x00\x00\x00\x00\x00\x00\x00\x00\x00\x00\x00\x00\x00\x00\x00\x00\x00\x00\x00\x00\x00'
43,MM_M062_EM0032_EM121,,45,1097,1097,62,b'LV_MainMission_M062\x00\x00\x00\x00\x00\x00\x00\x00\x00\x00\x00\x00\x00'
44,,M035\MM_M035_E0825.uasset.json,105,149,149,35,b'LV_m035_4F_EventHit\x00\x00\x00\x00\x00\x00\x00\x00\x00\x00\x00\x00\x00'
45,,MM_M061_EM0026.uasset.json,13,14,14,61,b'LV_m061_EventHit\x00\x00\x00\x00\x00\x00\x00\x00\x00\x00\x00\x00\x00\x00\x00\x00'
46,,,13,15,15,61,b'LV_E0300\x00\x00\x00\x00\x00\x00\x00\x00\x00\x00\x00\x00\x00\x00\x00\x00\x00\x00\x00\x00\x00\x00\x00\x00'
47,,,0,0,0,17,b'LV_E1015\x00\x00\x00\x00\x00\x00\x00\x00\x00\x00\x00\x00\x00\x00\x00\x00\x00\x00\x00\x00\x00\x00\x00\x00'
48,MM_M062_EM0033_EM121,,45,1098,1098,62,b'LV_MainMission_M062\x00\x00\x00\x00\x00\x00\x00\x00\x00\x00\x00\x00\x00'
49,,,4100,18,18,31,b'LV_E0330\x00\x00\x00\x00\x00\x00\x00\x00\x00\x00\x00\x00\x00\x00\x00\x00\x00\x00\x00\x00\x00\x00\x00\x00'
50,MM_M062_EM0034_EM121,,45,1099,1099,62,b'LV_MainMission_M062\x00\x00\x00\x00\x00\x00\x00\x00\x00\x00\x00\x00\x00'
51,,,0,0,0,31,b'LV_E0340\x00\x00\x00\x00\x00\x00\x00\x00\x00\x00\x00\x00\x00\x00\x00\x00\x00\x00\x00\x00\x00\x00\x00\x00'
52,,M030\MM_M030_Foothold.uasset.json,18,19,19,30,b'LV_E0345\x00\x00\x00\x00\x00\x00\x00\x00\x00\x00\x00\x00\x00\x00\x00\x00\x00\x00\x00\x00\x00\x00\x00\x00'
53,,,0,0,20,85,b'LV_E0350\x00\x00\x00\x00\x00\x00\x00\x00\x00\x00\x00\x00\x00\x00\x00\x00\x00\x00\x00\x00\x00\x00\x00\x00'
54,,M085\MM_M085_E0352.uasset.json,20,163,163,85,b'LV_E0360\x00\x00\x00\x00\x00\x00\x00\x00\x00\x00\x00\x00\x00\x00\x00\x00\x00\x00\x00\x00\x00\x00\x00\x00'
54,,M085\MM_M085_E0353.uasset.json,20,163,163,85,b'LV_E0360\x00\x00\x00\x00\x00\x00\x00\x00\x00\x00\x00\x00\x00\x00\x00\x00\x00\x00\x00\x00\x00\x00\x00\x00'
55,,M085\MM_M085_E0360.uasset.json,21,24,24,85,b'LV_m085_02_EventHit\x00\x00\x00\x00\x00\x00\x00\x00\x00\x00\x00\x00\x00'
56,,,0,34,34,89,b'LV_E0060\x00\x00\x00\x00\x00\x00\x00\x00\x00\x00\x00\x00\x00\x00\x00\x00\x00\x00\x00\x00\x00\x00\x00\x00'
57,,,0,35,35,82,b'LV_E0420\x00\x00\x00\x00\x00\x00\x00\x00\x00\x00\x00\x00\x00\x00\x00\x00\x00\x00\x00\x00\x00\x00\x00\x00'
58,,M050\MM_M050_EM425_Hit.uasset.json,35,36,36,50,b'LV_TokyoEventHit\x00\x00\x00\x00\x00\x00\x00\x00\x00\x00\x00\x00\x00\x00\x00\x00'
59,,,36,37,37,86,b'LV_E0430\x00\x00\x00\x00\x00\x00\x00\x00\x00\x00\x00\x00\x00\x00\x00\x00\x00\x00\x00\x00\x00\x00\x00\x00'
60,,,0,0,0,86,b'LV_E0432\x00\x00\x00\x00\x00\x00\x00\x00\x00\x00\x00\x00\x00\x00\x00\x00\x00\x00\x00\x00\x00\x00\x00\x00'
61,,M062\MM_M062_E0511.uasset.json,53,147,147,62,b'LV_m062_EventHit\x00\x00\x00\x00\x00\x00\x00\x00\x00\x00\x00\x00\x00\x00\x00\x00'
62,,,0,38,38,86,b'LV_E0431\x00\x00\x00\x00\x00\x00\x00\x00\x00\x00\x00\x00\x00\x00\x00\x00\x00\x00\x00\x00\x00\x00\x00\x00'
63,,,38,39,39,101,b'LV_E0435\x00\x00\x00\x00\x00\x00\x00\x00\x00\x00\x00\x00\x00\x00\x00\x00\x00\x00\x00\x00\x00\x00\x00\x00'
64,,,39,40,40,92,b'LV_E0470\x00\x00\x00\x00\x00\x00\x00\x00\x00\x00\x00\x00\x00\x00\x00\x00\x00\x00\x00\x00\x00\x00\x00\x00'
65,,,40,43,43,92,b'LV_E0480\x00\x00\x00\x00\x00\x00\x00\x00\x00\x00\x00\x00\x00\x00\x00\x00\x00\x00\x00\x00\x00\x00\x00\x00'
66,,,0,44,44,62,b'LV_E0370\x00\x00\x00\x00\x00\x00\x00\x00\x00\x00\x00\x00\x00\x00\x00\x00\x00\x00\x00\x00\x00\x00\x00\x00'
67,,M085\MM_M085_Foothold.uasset.json,24,25,25,82,b'LV_E0361\x00\x00\x00\x00\x00\x00\x00\x00\x00\x00\x00\x00\x00\x00\x00\x00\x00\x00\x00\x00\x00\x00\x00\x00'
68,,M062\MM_M062_E0492.uasset.json,52,126,126,62,b'LV_m062_EventHit\x00\x00\x00\x00\x00\x00\x00\x00\x00\x00\x00\x00\x00\x00\x00\x00'
69,,,25,26,26,82,b'LV_E0362\x00\x00\x00\x00\x00\x00\x00\x00\x00\x00\x00\x00\x00\x00\x00\x00\x00\x00\x00\x00\x00\x00\x00\x00'
70,,M082\MM_M082_E0363.uasset.json,26,27,27,82,b'LV_m082_01_EventHit\x00\x00\x00\x00\x00\x00\x00\x00\x00\x00\x00\x00\x00'
71,,,30,29,29,82,b'LV_E0365\x00\x00\x00\x00\x00\x00\x00\x00\x00\x00\x00\x00\x00\x00\x00\x00\x00\x00\x00\x00\x00\x00\x00\x00'
72,,,163,24,23,85,b'LV_m085_02_EventHit\x00\x00\x00\x00\x00\x00\x00\x00\x00\x00\x00\x00\x00'
73,,,163,24,22,85,b'LV_m085_02_EventHit\x00\x00\x00\x00\x00\x00\x00\x00\x00\x00\x00\x00\x00'
74,,,163,24,21,85,b'LV_m085_02_EventHit\x00\x00\x00\x00\x00\x00\x00\x00\x00\x00\x00\x00\x00'
75,,,44,45,45,62,b'LV_E0375\x00\x00\x00\x00\x00\x00\x00\x00\x00\x00\x00\x00\x00\x00\x00\x00\x00\x00\x00\x00\x00\x00\x00\x00'
76,,M062\MM_M062_EM0030.uasset.json,45,1095,1095,62,b'LV_MainMission_M062\x00\x00\x00\x00\x00\x00\x00\x00\x00\x00\x00\x00\x00'
77,,,1296,47,47,62,b'LV_E0379\x00\x00\x00\x00\x00\x00\x00\x00\x00\x00\x00\x00\x00\x00\x00\x00\x00\x00\x00\x00\x00\x00\x00\x00'
78,,M062\MM_M062_E0380.uasset.json,47,48,48,62,b'LV_m062_EventHit\x00\x00\x00\x00\x00\x00\x00\x00\x00\x00\x00\x00\x00\x00\x00\x00'
79,,M062\MM_M062_E0390.uasset.json,49,50,50,62,b'LV_m062_EventHit\x00\x00\x00\x00\x00\x00\x00\x00\x00\x00\x00\x00\x00\x00\x00\x00'
80,,,1110,51,51,62,b'LV_E0400\x00\x00\x00\x00\x00\x00\x00\x00\x00\x00\x00\x00\x00\x00\x00\x00\x00\x00\x00\x00\x00\x00\x00\x00'
81,,,178,52,52,62,b'LV_E0490\x00\x00\x00\x00\x00\x00\x00\x00\x00\x00\x00\x00\x00\x00\x00\x00\x00\x00\x00\x00\x00\x00\x00\x00'
82,,M016\MM_M016_E0885_Direct.uasset.json,110,150,150,16,b'LV_m016_01_EventHit\x00\x00\x00\x00\x00\x00\x00\x00\x00\x00\x00\x00\x00'
83,,,0,0,0,62,b'LV_E0491\x00\x00\x00\x00\x00\x00\x00\x00\x00\x00\x00\x00\x00\x00\x00\x00\x00\x00\x00\x00\x00\x00\x00\x00'
84,,,0,0,53,62,b'LV_E0510\x00\x00\x00\x00\x00\x00\x00\x00\x00\x00\x00\x00\x00\x00\x00\x00\x00\x00\x00\x00\x00\x00\x00\x00'
85,MM_M062_EM0040_4,,1100,1101,1101,62,b'LV_MainMission_M062\x00\x00\x00\x00\x00\x00\x00\x00\x00\x00\x00\x00\x00'
86,,M083\MM_M083_EM191.uasset.json,2,161,161,83,b'LV_m083_01_EventHit\x00\x00\x00\x00\x00\x00\x00\x00\x00\x00\x00\x00\x00'
87,,M083\MM_M083_EM195.uasset.json,162,4,4,83,b'LV_m083_01_EventHit\x00\x00\x00\x00\x00\x00\x00\x00\x00\x00\x00\x00\x00'
88,,,0,0,0,83,b'LV_E0008\x00\x00\x00\x00\x00\x00\x00\x00\x00\x00\x00\x00\x00\x00\x00\x00\x00\x00\x00\x00\x00\x00\x00\x00'
89,,,0,0,0,82,b'LV_E0009\x00\x00\x00\x00\x00\x00\x00\x00\x00\x00\x00\x00\x00\x00\x00\x00\x00\x00\x00\x00\x00\x00\x00\x00'
90,,,18,20,0,30,b'LV_E0347\x00\x00\x00\x00\x00\x00\x00\x00\x00\x00\x00\x00\x00\x00\x00\x00\x00\x00\x00\x00\x00\x00\x00\x00'
91,,,27,28,28,99,b'LV_E0364\x00\x00\x00\x00\x00\x00\x00\x00\x00\x00\x00\x00\x00\x00\x00\x00\x00\x00\x00\x00\x00\x00\x00\x00'
92,,M082\MM_M082_E0367.uasset.json,29,31,31,82,b'LV_m082_01_EventHit\x00\x00\x00\x00\x00\x00\x00\x00\x00\x00\x00\x00\x00'
93,MM_M062_EM0043_2,,1101,1103,1103,62,b'LV_MainMission_M062\x00\x00\x00\x00\x00\x00\x00\x00\x00\x00\x00\x00\x00'
94,,M050\MM_M050_EM369_Ready.uasset.json,31,33,33,91,b'LV_E0369\x00\x00\x00\x00\x00\x00\x00\x00\x00\x00\x00\x00\x00\x00\x00\x00\x00\x00\x00\x00\x00\x00\x00\x00'
95,,M082\MM_M082_E0366.uasset.json,28,30,30,82,b'LV_m082_01_EventHit\x00\x00\x00\x00\x00\x00\x00\x00\x00\x00\x00\x00\x00'
96,,,40,41,41,92,b'LV_E0473\x00\x00\x00\x00\x00\x00\x00\x00\x00\x00\x00\x00\x00\x00\x00\x00\x00\x00\x00\x00\x00\x00\x00\x00'
97,MM_M092_E0476_2,,41,42,42,92,b'LV_m092_EventHit\x00\x00\x00\x00\x00\x00\x00\x00\x00\x00\x00\x00\x00\x00\x00\x00'
98,,M092\MM_M092_EM100.uasset.json,39,4124,4124,92,b'LV_m092_EventHit\x00\x00\x00\x00\x00\x00\x00\x00\x00\x00\x00\x00\x00\x00\x00\x00'
99,,M092\MM_M092_EM101_.uasset.json,39,4123,4123,92,b'LV_m092_EventHit\x00\x00\x00\x00\x00\x00\x00\x00\x00\x00\x00\x00\x00\x00\x00\x00'
100,,M092\MM_M092_EM102_.uasset.json,39,4125,4125,92,b'LV_m092_EventHit\x00\x00\x00\x00\x00\x00\x00\x00\x00\x00\x00\x00\x00\x00\x00\x00'
101,,M092\MM_M092_EM105_.uasset.json,39,4127,4127,92,b'LV_m092_EventHit\x00\x00\x00\x00\x00\x00\x00\x00\x00\x00\x00\x00\x00\x00\x00\x00'
102,,M092\MM_M092_EM104.uasset.json,39,4126,4126,92,b'LV_m092_EventHit\x00\x00\x00\x00\x00\x00\x00\x00\x00\x00\x00\x00\x00\x00\x00\x00'
103,,M092\MM_M092_EM105_1.uasset.json,39,4128,4128,92,b'LV_m092_EventHit\x00\x00\x00\x00\x00\x00\x00\x00\x00\x00\x00\x00\x00\x00\x00\x00'
104,,M092\MM_M092_EM106_.uasset.json,39,4129,4129,92,b'LV_m092_EventHit\x00\x00\x00\x00\x00\x00\x00\x00\x00\x00\x00\x00\x00\x00\x00\x00'
105,,M092\MM_M092_EM107_.uasset.json,39,4130,4130,92,b'LV_m092_EventHit\x00\x00\x00\x00\x00\x00\x00\x00\x00\x00\x00\x00\x00\x00\x00\x00'
106,,M092\MM_M092_EM108_.uasset.json,39,4131,4131,92,b'LV_m092_EventHit\x00\x00\x00\x00\x00\x00\x00\x00\x00\x00\x00\x00\x00\x00\x00\x00'
107,,M092\MM_M092_EM109_a.uasset.json,39,4132,4132,92,b'LV_m092_EventHit\x00\x00\x00\x00\x00\x00\x00\x00\x00\x00\x00\x00\x00\x00\x00\x00'
108,,M092\MM_M092_EM110.uasset.json,39,4139,4139,92,b'LV_m092_EventHit\x00\x00\x00\x00\x00\x00\x00\x00\x00\x00\x00\x00\x00\x00\x00\x00'
109,,M092\MM_M092_EM111.uasset.json,39,4140,4140,92,b'LV_m092_EventHit\x00\x00\x00\x00\x00\x00\x00\x00\x00\x00\x00\x00\x00\x00\x00\x00'
110,,M092\MM_M092_EM112_.uasset.json,39,4141,4141,92,b'LV_m092_EventHit\x00\x00\x00\x00\x00\x00\x00\x00\x00\x00\x00\x00\x00\x00\x00\x00'
111,,EM_M061_Q0019.uasset.json,19,1090,1090,30,b'LV_m030_EventHit\x00\x00\x00\x00\x00\x00\x00\x00\x00\x00\x00\x00\x00\x00\x00\x00'
112,,EM_M061_Q0011B.uasset.json,10,1092,1092,61,b'LV_MainMission_M061\x00\x00\x00\x00\x00\x00\x00\x00\x00\x00\x00\x00\x00'
113,,,48,49,49,62,b'LV_E0385\x00\x00\x00\x00\x00\x00\x00\x00\x00\x00\x00\x00\x00\x00\x00\x00\x00\x00\x00\x00\x00\x00\x00\x00'
114,,M085\MM_M085_E0540.uasset.json,53,55,55,85,b'LV_m085_01_EventHit\x00\x00\x00\x00\x00\x00\x00\x00\x00\x00\x00\x00\x00'
115,,M085\MM_M085_E0550_hit.uasset.json,55,56,56,85,b'LV_m085_02_EventHit\x00\x00\x00\x00\x00\x00\x00\x00\x00\x00\x00\x00\x00'
116,,M080\MM_M085_E0560.uasset.json,56,57,57,80,b'LV_m080_01_EventHit\x00\x00\x00\x00\x00\x00\x00\x00\x00\x00\x00\x00\x00'
117,,M085\MM_M085_E0570.uasset.json,57,58,58,85,b'LV_m085_02_EventHit\x00\x00\x00\x00\x00\x00\x00\x00\x00\x00\x00\x00\x00'
118,,,58,60,60,63,b'LV_E0610M\x00\x00\x00\x00\x00\x00\x00\x00\x00\x00\x00\x00\x00\x00\x00\x00\x00\x00\x00\x00\x00\x00\x00'
119,,,60,61,61,63,b'LV_E0580\x00\x00\x00\x00\x00\x00\x00\x00\x00\x00\x00\x00\x00\x00\x00\x00\x00\x00\x00\x00\x00\x00\x00\x00'
120,,,65,62,62,63,b'LV_E0620\x00\x00\x00\x00\x00\x00\x00\x00\x00\x00\x00\x00\x00\x00\x00\x00\x00\x00\x00\x00\x00\x00\x00\x00'
121,,M063\MM_M063_E0625.uasset.json,62,63,63,63,b'LV_m063_EventHit\x00\x00\x00\x00\x00\x00\x00\x00\x00\x00\x00\x00\x00\x00\x00\x00'
122,,,61,65,65,63,b'LV_E0590M\x00\x00\x00\x00\x00\x00\x00\x00\x00\x00\x00\x00\x00\x00\x00\x00\x00\x00\x00\x00\x00\x00\x00'
123,,M063\MM_M063_EM0060.uasset.json,65,1118,1118,63,b'LV_m063_EventHit\x00\x00\x00\x00\x00\x00\x00\x00\x00\x00\x00\x00\x00\x00\x00\x00'
124,,,1119,66,66,63,b'LV_E0595\x00\x00\x00\x00\x00\x00\x00\x00\x00\x00\x00\x00\x00\x00\x00\x00\x00\x00\x00\x00\x00\x00\x00\x00'
125,,M063\MM_M063_EM0063.uasset.json,66,1120,1120,63,b'LV_m063_EventHit\x00\x00\x00\x00\x00\x00\x00\x00\x00\x00\x00\x00\x00\x00\x00\x00'
126,,M063\MM_M063_EM0070.uasset.json,1120,1121,1121,63,b'LV_m063_EventHit\x00\x00\x00\x00\x00\x00\x00\x00\x00\x00\x00\x00\x00\x00\x00\x00'
127,,,1121,1122,67,63,b'LV_E0598\x00\x00\x00\x00\x00\x00\x00\x00\x00\x00\x00\x00\x00\x00\x00\x00\x00\x00\x00\x00\x00\x00\x00\x00'
128,,,1121,1123,67,63,b'LV_E0598\x00\x00\x00\x00\x00\x00\x00\x00\x00\x00\x00\x00\x00\x00\x00\x00\x00\x00\x00\x00\x00\x00\x00\x00'
129,,,1121,1124,67,63,b'LV_E0598\x00\x00\x00\x00\x00\x00\x00\x00\x00\x00\x00\x00\x00\x00\x00\x00\x00\x00\x00\x00\x00\x00\x00\x00'
130,,,1121,1125,67,63,b'LV_E0598\x00\x00\x00\x00\x00\x00\x00\x00\x00\x00\x00\x00\x00\x00\x00\x00\x00\x00\x00\x00\x00\x00\x00\x00'
131,,,1121,1126,67,63,b'LV_E0598\x00\x00\x00\x00\x00\x00\x00\x00\x00\x00\x00\x00\x00\x00\x00\x00\x00\x00\x00\x00\x00\x00\x00\x00'
132,,,1121,1127,67,63,b'LV_E0598\x00\x00\x00\x00\x00\x00\x00\x00\x00\x00\x00\x00\x00\x00\x00\x00\x00\x00\x00\x00\x00\x00\x00\x00'
133,,,1121,1128,67,63,b'LV_E0598\x00\x00\x00\x00\x00\x00\x00\x00\x00\x00\x00\x00\x00\x00\x00\x00\x00\x00\x00\x00\x00\x00\x00\x00'
134,,,1121,67,67,63,b'LV_E0598\x00\x00\x00\x00\x00\x00\x00\x00\x00\x00\x00\x00\x00\x00\x00\x00\x00\x00\x00\x00\x00\x00\x00\x00'
135,MM_M063_EM0079_2,,67,1129,1129,63,b'LV_m063_EventHit\x00\x00\x00\x00\x00\x00\x00\x00\x00\x00\x00\x00\x00\x00\x00\x00'
136,,,1129,68,68,63,b'LV_E0630\x00\x00\x00\x00\x00\x00\x00\x00\x00\x00\x00\x00\x00\x00\x00\x00\x00\x00\x00\x00\x00\x00\x00\x00'
137,,M036\MM_M036_E0640.uasset.json,169,69,69,36,b'LV_m036_2F_EventHit\x00\x00\x00\x00\x00\x00\x00\x00\x00\x00\x00\x00\x00'
138,,M036\MM_M036_E0650.uasset.json,132,70,70,36,b'LV_m036_3F_EventHit\x00\x00\x00\x00\x00\x00\x00\x00\x00\x00\x00\x00\x00'
139,,,70,71,71,36,b'LV_E0660\x00\x00\x00\x00\x00\x00\x00\x00\x00\x00\x00\x00\x00\x00\x00\x00\x00\x00\x00\x00\x00\x00\x00\x00'
140,,M036\MM_M036_E0670.uasset.json,71,72,72,36,b'LV_m036_4F_EventHit\x00\x00\x00\x00\x00\x00\x00\x00\x00\x00\x00\x00\x00'
141,,,72,73,73,36,b'LV_E0675\x00\x00\x00\x00\x00\x00\x00\x00\x00\x00\x00\x00\x00\x00\x00\x00\x00\x00\x00\x00\x00\x00\x00\x00'
142,,M063\MM_M063_M0680.uasset.json,73,74,74,63,b'LV_E0680\x00\x00\x00\x00\x00\x00\x00\x00\x00\x00\x00\x00\x00\x00\x00\x00\x00\x00\x00\x00\x00\x00\x00\x00'
143,,M085\MM_M085_E0690.uasset.json,74,75,75,85,b'LV_m085_02_EventHit\x00\x00\x00\x00\x00\x00\x00\x00\x00\x00\x00\x00\x00'
144,,M091\MM_M091_E0700.uasset.json,75,76,76,80,b'LV_m080_01_EventHit\x00\x00\x00\x00\x00\x00\x00\x00\x00\x00\x00\x00\x00'
145,,M085\MM_M085_E0715.uasset.json,76,77,77,85,b'LV_m085_01_EventHit\x00\x00\x00\x00\x00\x00\x00\x00\x00\x00\x00\x00\x00'
146,,M030\MM_M030_E0525.uasset.json,77,78,78,30,b'LV_m030_EventHit\x00\x00\x00\x00\x00\x00\x00\x00\x00\x00\x00\x00\x00\x00\x00\x00'
146,,M030\MM_M061_E0525.uasset.json,77,78,78,30,b'LV_m030_EventHit\x00\x00\x00\x00\x00\x00\x00\x00\x00\x00\x00\x00\x00\x00\x00\x00'
147,,,0,0,0,30,b'LV_E0530\x00\x00\x00\x00\x00\x00\x00\x00\x00\x00\x00\x00\x00\x00\x00\x00\x00\x00\x00\x00\x00\x00\x00\x00'
148,,,0,0,79,88,b'LV_E0600\x00\x00\x00\x00\x00\x00\x00\x00\x00\x00\x00\x00\x00\x00\x00\x00\x00\x00\x00\x00\x00\x00\x00\x00'
149,,M088\MM_M088_E0602_Abdiel.uasset.json,79,88,80,88,b'LV_m088_01_EventHit\x00\x00\x00\x00\x00\x00\x00\x00\x00\x00\x00\x00\x00'
149,,M088\MM_M088_E0602_Ichiro.uasset.json,79,88,80,88,b'LV_m088_01_EventHit\x00\x00\x00\x00\x00\x00\x00\x00\x00\x00\x00\x00\x00'
149,,M088\MM_M088_E0602_Khons.uasset.json,79,88,80,88,b'LV_m088_01_EventHit\x00\x00\x00\x00\x00\x00\x00\x00\x00\x00\x00\x00\x00'
149,,M088\MM_M088_E0602_Koshimizu.uasset.json,79,88,80,88,b'LV_m088_01_EventHit\x00\x00\x00\x00\x00\x00\x00\x00\x00\x00\x00\x00\x00'
149,,M088\MM_M088_E0602_Odin.uasset.json,79,88,80,88,b'LV_m088_01_EventHit\x00\x00\x00\x00\x00\x00\x00\x00\x00\x00\x00\x00\x00'
149,,M088\MM_M088_E0602_Vasuki.uasset.json,79,88,80,88,b'LV_m088_01_EventHit\x00\x00\x00\x00\x00\x00\x00\x00\x00\x00\x00\x00\x00'
149,,M088\MM_M088_E0602_Yuzuru.uasset.json,79,88,80,88,b'LV_m088_01_EventHit\x00\x00\x00\x00\x00\x00\x00\x00\x00\x00\x00\x00\x00'
149,,M088\MM_M088_E0602_Zeus.uasset.json,79,88,80,88,b'LV_m088_01_EventHit\x00\x00\x00\x00\x00\x00\x00\x00\x00\x00\x00\x00\x00'
150,,M016\MM_M016_E0890_Direct.uasset.json,108,179,179,16,b'LV_m016_01_EventHit\x00\x00\x00\x00\x00\x00\x00\x00\x00\x00\x00\x00\x00'
151,,M016\MM_M016_E0906.uasset.json,115,174,174,16,b'LV_m016_01_EventHit\x00\x00\x00\x00\x00\x00\x00\x00\x00\x00\x00\x00\x00'
152,MM_M016_E0906_C,,117,174,174,16,b'LV_m016_01_EventHit\x00\x00\x00\x00\x00\x00\x00\x00\x00\x00\x00\x00\x00'
153,,M016\MM_M016_E0900.uasset.json,108,175,175,16,b'LV_m016_01_EventHit\x00\x00\x00\x00\x00\x00\x00\x00\x00\x00\x00\x00\x00'
154,,M062\MM_M062_E0485.uasset.json,51,178,178,62,b'LV_m062_EventHit\x00\x00\x00\x00\x00\x00\x00\x00\x00\x00\x00\x00\x00\x00\x00\x00'
155,,M035\MM_M035_E0824.uasset.json,35,188,188,50,b'LV_TokyoEventHit\x00\x00\x00\x00\x00\x00\x00\x00\x00\x00\x00\x00\x00\x00\x00\x00'
155,,M050\MM_M050_E0421_Direct.uasset.json,35,188,188,50,b'LV_TokyoEventHit\x00\x00\x00\x00\x00\x00\x00\x00\x00\x00\x00\x00\x00\x00\x00\x00'
156,,M050\MM_M050_E0433_Direct.uasset.json,38,189,189,50,b'LV_TokyoEventHit\x00\x00\x00\x00\x00\x00\x00\x00\x00\x00\x00\x00\x00\x00\x00\x00'
157,,,0,0,89,88,b'LV_E0603\x00\x00\x00\x00\x00\x00\x00\x00\x00\x00\x00\x00\x00\x00\x00\x00\x00\x00\x00\x00\x00\x00\x00\x00'
158,,,8,155,155,61,b'LV_E0031M\x00\x00\x00\x00\x00\x00\x00\x00\x00\x00\x00\x00\x00\x00\x00\x00\x00\x00\x00\x00\x00\x00\x00'
159,,,0,0,90,88,b'LV_E0604\x00\x00\x00\x00\x00\x00\x00\x00\x00\x00\x00\x00\x00\x00\x00\x00\x00\x00\x00\x00\x00\x00\x00\x00'
160,,M085\MM_M085_E0730.uasset.json,90,91,91,85,b'LV_m085_02_EventHit\x00\x00\x00\x00\x00\x00\x00\x00\x00\x00\x00\x00\x00'
161,,M085\MM_M085_E0740.uasset.json,172,92,92,85,b'LV_m085_01_EventHit\x00\x00\x00\x00\x00\x00\x00\x00\x00\x00\x00\x00\x00'
162,,,92,93,93,105,b'LV_E0750\x00\x00\x00\x00\x00\x00\x00\x00\x00\x00\x00\x00\x00\x00\x00\x00\x00\x00\x00\x00\x00\x00\x00\x00'
163,,,93,94,94,60,b'LV_E0760\x00\x00\x00\x00\x00\x00\x00\x00\x00\x00\x00\x00\x00\x00\x00\x00\x00\x00\x00\x00\x00\x00\x00\x00'
164,,M060\MM_M060_E0762.uasset.json,93,96,96,60,b'LV_m060_EventHit\x00\x00\x00\x00\x00\x00\x00\x00\x00\x00\x00\x00\x00\x00\x00\x00'
165,,,94,97,97,60,b'LV_E0765\x00\x00\x00\x00\x00\x00\x00\x00\x00\x00\x00\x00\x00\x00\x00\x00\x00\x00\x00\x00\x00\x00\x00\x00'
166,,,94,98,98,60,b'LV_E0775\x00\x00\x00\x00\x00\x00\x00\x00\x00\x00\x00\x00\x00\x00\x00\x00\x00\x00\x00\x00\x00\x00\x00\x00'
167,,MM_M061_E0250_2.uasset.json,155,156,156,61,b'LV_m061_EventHit\x00\x00\x00\x00\x00\x00\x00\x00\x00\x00\x00\x00\x00\x00\x00\x00'
168,,M060\MM_M060_E0778.uasset.json,98,99,99,60,b'LV_m060_EventHit\x00\x00\x00\x00\x00\x00\x00\x00\x00\x00\x00\x00\x00\x00\x00\x00'
169,,M060\MM_M060_E0785.uasset.json,94,100,100,60,b'LV_E0785\x00\x00\x00\x00\x00\x00\x00\x00\x00\x00\x00\x00\x00\x00\x00\x00\x00\x00\x00\x00\x00\x00\x00\x00'
170,,M082\MM_M0082_E0171_First.uasset.json,138,139,139,82,b'LV_m082_01_EventHit_E0171\x00\x00\x00\x00\x00\x00\x00'
171,,M060\MM_M060_E0790.uasset.json,100,101,101,60,b'LV_m060_EventHit\x00\x00\x00\x00\x00\x00\x00\x00\x00\x00\x00\x00\x00\x00\x00\x00'
172,,,94,102,102,60,b'LV_E0805\x00\x00\x00\x00\x00\x00\x00\x00\x00\x00\x00\x00\x00\x00\x00\x00\x00\x00\x00\x00\x00\x00\x00\x00'
173,,M082\MM_M0082_E0171_Finish.uasset.json,137,159,159,82,b'LV_m082_01_EventHit_E0171\x00\x00\x00\x00\x00\x00\x00'
174,,M060\MM_M060_E0810.uasset.json,102,103,103,60,b'LV_m060_EventHit\x00\x00\x00\x00\x00\x00\x00\x00\x00\x00\x00\x00\x00\x00\x00\x00'
175,,M060\MM_M060_E0820.uasset.json,104,105,105,60,b'LV_m060_EventHit\x00\x00\x00\x00\x00\x00\x00\x00\x00\x00\x00\x00\x00\x00\x00\x00'
176,,,149,106,106,35,b'LV_E0830\x00\x00\x00\x00\x00\x00\x00\x00\x00\x00\x00\x00\x00\x00\x00\x00\x00\x00\x00\x00\x00\x00\x00\x00'
177,,M101\MM_M0101_E0436_Direct.uasset.json,39,190,190,101,b'LV_m101_EventHit\x00\x00\x00\x00\x00\x00\x00\x00\x00\x00\x00\x00\x00\x00\x00\x00'
178,,,0,0,0,15,b'LV_E0840\x00\x00\x00\x00\x00\x00\x00\x00\x00\x00\x00\x00\x00\x00\x00\x00\x00\x00\x00\x00\x00\x00\x00\x00'
179,,,0,0,0,208,b'LV_E0841\x00\x00\x00\x00\x00\x00\x00\x00\x00\x00\x00\x00\x00\x00\x00\x00\x00\x00\x00\x00\x00\x00\x00\x00'
180,,,0,0,0,208,b'LV_E0842\x00\x00\x00\x00\x00\x00\x00\x00\x00\x00\x00\x00\x00\x00\x00\x00\x00\x00\x00\x00\x00\x00\x00\x00'
181,,,0,0,0,15,b'LV_E0843\x00\x00\x00\x00\x00\x00\x00\x00\x00\x00\x00\x00\x00\x00\x00\x00\x00\x00\x00\x00\x00\x00\x00\x00'
182,,,0,0,0,35,b'LV_E0850\x00\x00\x00\x00\x00\x00\x00\x00\x00\x00\x00\x00\x00\x00\x00\x00\x00\x00\x00\x00\x00\x00\x00\x00'
183,,,0,0,108,16,b'LV_E0860\x00\x00\x00\x00\x00\x00\x00\x00\x00\x00\x00\x00\x00\x00\x00\x00\x00\x00\x00\x00\x00\x00\x00\x00'
184,,M062\MM_M062_E0377.uasset.json,1100,46,46,62,b'LV_m062_EventHit\x00\x00\x00\x00\x00\x00\x00\x00\x00\x00\x00\x00\x00\x00\x00\x00'
185,,M062\MM_M062_E0512.uasset.json,53,54,54,62,b'LV_m062_EventHit\x00\x00\x00\x00\x00\x00\x00\x00\x00\x00\x00\x00\x00\x00\x00\x00'
186,,M060\MM_M060_E0761.uasset.json,94,95,95,60,b'LV_m060_EventHit\x00\x00\x00\x00\x00\x00\x00\x00\x00\x00\x00\x00\x00\x00\x00\x00'
187,,,179,109,109,16,b'LV_E0870\x00\x00\x00\x00\x00\x00\x00\x00\x00\x00\x00\x00\x00\x00\x00\x00\x00\x00\x00\x00\x00\x00\x00\x00'
188,,,109,114,114,16,b'LV_E0900\x00\x00\x00\x00\x00\x00\x00\x00\x00\x00\x00\x00\x00\x00\x00\x00\x00\x00\x00\x00\x00\x00\x00\x00'
189,,M083\MM_M083_EM192.uasset.json,161,5,162,83,b'LV_m083_01_EventHit\x00\x00\x00\x00\x00\x00\x00\x00\x00\x00\x00\x00\x00'
190,,,114,115,115,16,b'LV_E0905\x00\x00\x00\x00\x00\x00\x00\x00\x00\x00\x00\x00\x00\x00\x00\x00\x00\x00\x00\x00\x00\x00\x00\x00'
191,,,115,121,121,94,b'LV_E0940\x00\x00\x00\x00\x00\x00\x00\x00\x00\x00\x00\x00\x00\x00\x00\x00\x00\x00\x00\x00\x00\x00\x00\x00'
192,,EM_M061_TutorialMagatsuka2.uasset.json,1150,1571,1571,61,b'LV_MainMission_M061\x00\x00\x00\x00\x00\x00\x00\x00\x00\x00\x00\x00\x00'
193,,,0,0,0,94,b'LV_E0945\x00\x00\x00\x00\x00\x00\x00\x00\x00\x00\x00\x00\x00\x00\x00\x00\x00\x00\x00\x00\x00\x00\x00\x00'
194,,,0,0,0,94,b'LV_E0950\x00\x00\x00\x00\x00\x00\x00\x00\x00\x00\x00\x00\x00\x00\x00\x00\x00\x00\x00\x00\x00\x00\x00\x00'
195,,,0,0,145,94,b'LV_E1000\x00\x00\x00\x00\x00\x00\x00\x00\x00\x00\x00\x00\x00\x00\x00\x00\x00\x00\x00\x00\x00\x00\x00\x00'
196,,,176,0,0,17,b'LV_E1010\x00\x00\x00\x00\x00\x00\x00\x00\x00\x00\x00\x00\x00\x00\x00\x00\x00\x00\x00\x00\x00\x00\x00\x00'
197,,EM_M061_TutorialUniqueSymbol.uasset.json,1579,1572,1572,61,b'LV_MainMission_M061\x00\x00\x00\x00\x00\x00\x00\x00\x00\x00\x00\x00\x00'
198,,,0,0,152,96,b'LV_E0957\x00\x00\x00\x00\x00\x00\x00\x00\x00\x00\x00\x00\x00\x00\x00\x00\x00\x00\x00\x00\x00\x00\x00\x00'
199,,,179,110,110,16,b'LV_E0880\x00\x00\x00\x00\x00\x00\x00\x00\x00\x00\x00\x00\x00\x00\x00\x00\x00\x00\x00\x00\x00\x00\x00\x00'
200,,,110,116,116,16,b'LV_E0910\x00\x00\x00\x00\x00\x00\x00\x00\x00\x00\x00\x00\x00\x00\x00\x00\x00\x00\x00\x00\x00\x00\x00\x00'
201,,EM_M061_EM0021.uasset.json,1572,1573,1573,61,b'LV_MainMission_M061\x00\x00\x00\x00\x00\x00\x00\x00\x00\x00\x00\x00\x00'
202,,,116,117,117,16,b'LV_E0915\x00\x00\x00\x00\x00\x00\x00\x00\x00\x00\x00\x00\x00\x00\x00\x00\x00\x00\x00\x00\x00\x00\x00\x00'
203,,,117,121,121,94,b'LV_E0940\x00\x00\x00\x00\x00\x00\x00\x00\x00\x00\x00\x00\x00\x00\x00\x00\x00\x00\x00\x00\x00\x00\x00\x00'
204,,,1148,1577,0,61,b'LV_E0180\x00\x00\x00\x00\x00\x00\x00\x00\x00\x00\x00\x00\x00\x00\x00\x00\x00\x00\x00\x00\x00\x00\x00\x00'
205,,,0,0,0,94,b'LV_E0945\x00\x00\x00\x00\x00\x00\x00\x00\x00\x00\x00\x00\x00\x00\x00\x00\x00\x00\x00\x00\x00\x00\x00\x00'
206,,,0,0,0,94,b'LV_E0950\x00\x00\x00\x00\x00\x00\x00\x00\x00\x00\x00\x00\x00\x00\x00\x00\x00\x00\x00\x00\x00\x00\x00\x00'
207,,,0,0,145,94,b'LV_E1000\x00\x00\x00\x00\x00\x00\x00\x00\x00\x00\x00\x00\x00\x00\x00\x00\x00\x00\x00\x00\x00\x00\x00\x00'
208,,,176,0,0,17,b'LV_E1010\x00\x00\x00\x00\x00\x00\x00\x00\x00\x00\x00\x00\x00\x00\x00\x00\x00\x00\x00\x00\x00\x00\x00\x00'
209,,,0,0,1577,61,b'LV_E0181\x00\x00\x00\x00\x00\x00\x00\x00\x00\x00\x00\x00\x00\x00\x00\x00\x00\x00\x00\x00\x00\x00\x00\x00'
210,,,0,0,151,97,b'LV_E0955\x00\x00\x00\x00\x00\x00\x00\x00\x00\x00\x00\x00\x00\x00\x00\x00\x00\x00\x00\x00\x00\x00\x00\x00'
211,,,179,118,118,16,b'LV_E0920\x00\x00\x00\x00\x00\x00\x00\x00\x00\x00\x00\x00\x00\x00\x00\x00\x00\x00\x00\x00\x00\x00\x00\x00'
212,,MM_M061_EM0181.uasset.json,1577,1578,1578,61,b'LV_m061_EventHit\x00\x00\x00\x00\x00\x00\x00\x00\x00\x00\x00\x00\x00\x00\x00\x00'
213,,,118,119,119,16,b'LV_E0915\x00\x00\x00\x00\x00\x00\x00\x00\x00\x00\x00\x00\x00\x00\x00\x00\x00\x00\x00\x00\x00\x00\x00\x00'
214,,,119,120,120,16,b'LV_E0930\x00\x00\x00\x00\x00\x00\x00\x00\x00\x00\x00\x00\x00\x00\x00\x00\x00\x00\x00\x00\x00\x00\x00\x00'
215,,,119,123,123,94,b'LV_E0960\x00\x00\x00\x00\x00\x00\x00\x00\x00\x00\x00\x00\x00\x00\x00\x00\x00\x00\x00\x00\x00\x00\x00\x00'
216,,MM_M061_EM0182.uasset.json,1578,1579,1579,61,b'LV_m061_EventHit\x00\x00\x00\x00\x00\x00\x00\x00\x00\x00\x00\x00\x00\x00\x00\x00'
217,,,0,0,0,94,b'LV_E0965\x00\x00\x00\x00\x00\x00\x00\x00\x00\x00\x00\x00\x00\x00\x00\x00\x00\x00\x00\x00\x00\x00\x00\x00'
218,,,0,0,0,17,b'LV_E1015\x00\x00\x00\x00\x00\x00\x00\x00\x00\x00\x00\x00\x00\x00\x00\x00\x00\x00\x00\x00\x00\x00\x00\x00'
219,,,0,0,145,94,b'LV_E0970\x00\x00\x00\x00\x00\x00\x00\x00\x00\x00\x00\x00\x00\x00\x00\x00\x00\x00\x00\x00\x00\x00\x00\x00'
220,,,0,0,153,98,b'LV_E0975\x00\x00\x00\x00\x00\x00\x00\x00\x00\x00\x00\x00\x00\x00\x00\x00\x00\x00\x00\x00\x00\x00\x00\x00'
221,,,176,0,0,17,b'LV_E1010\x00\x00\x00\x00\x00\x00\x00\x00\x00\x00\x00\x00\x00\x00\x00\x00\x00\x00\x00\x00\x00\x00\x00\x00'
222,,M085\MM_M085_E0351.uasset.json,20,164,164,85,b'LV_m085_01_EventHit\x00\x00\x00\x00\x00\x00\x00\x00\x00\x00\x00\x00\x00'
223,,,0,0,0,94,b'LV_E1020\x00\x00\x00\x00\x00\x00\x00\x00\x00\x00\x00\x00\x00\x00\x00\x00\x00\x00\x00\x00\x00\x00\x00\x00'
224,,,0,0,154,103,b'LV_E1025\x00\x00\x00\x00\x00\x00\x00\x00\x00\x00\x00\x00\x00\x00\x00\x00\x00\x00\x00\x00\x00\x00\x00\x00'
225,,M016\MM_M016_E0891.uasset.json,108,111,111,16,b'LV_m016_01_EventHit\x00\x00\x00\x00\x00\x00\x00\x00\x00\x00\x00\x00\x00'
226,,M016\MM_M016_E0892.uasset.json,108,112,112,16,b'LV_m016_01_EventHit\x00\x00\x00\x00\x00\x00\x00\x00\x00\x00\x00\x00\x00'
227,,M016\MM_M016_E0893.uasset.json,108,113,113,16,b'LV_m016_01_EventHit\x00\x00\x00\x00\x00\x00\x00\x00\x00\x00\x00\x00\x00'
228,,M085\MM_M085_E0575.uasset.json,58,59,59,85,b'LV_m085_01_EventHit\x00\x00\x00\x00\x00\x00\x00\x00\x00\x00\x00\x00\x00'
229,,M063\MM_M063_E0627.uasset.json,63,64,64,63,b'LV_m063_EventHit\x00\x00\x00\x00\x00\x00\x00\x00\x00\x00\x00\x00\x00\x00\x00\x00'
230,,EM_M061_MimanTutorial.uasset.json,7,1146,1146,61,b'LV_MainMission_M061\x00\x00\x00\x00\x00\x00\x00\x00\x00\x00\x00\x00\x00'
231,,MM_M061_E0251_hit.uasset.json,1148,1149,1149,61,b'LV_MainMission_M061\x00\x00\x00\x00\x00\x00\x00\x00\x00\x00\x00\x00\x00'
232,,EM_M061_TutorialSlash.uasset.json,1144,1148,1148,61,b'LV_MainMission_M061\x00\x00\x00\x00\x00\x00\x00\x00\x00\x00\x00\x00\x00'
233,,M050\MM_M050_E0186_Direct.uasset.json,1,160,160,50,b'LV_TokyoEventHit\x00\x00\x00\x00\x00\x00\x00\x00\x00\x00\x00\x00\x00\x00\x00\x00'
234,,EM_M061_TutorialMagatsuka.uasset.json,8,1150,1150,61,b'LV_MainMission_M061\x00\x00\x00\x00\x00\x00\x00\x00\x00\x00\x00\x00\x00'
235,EM_M061_TutorialDash,,7,1155,1155,61,b'LV_MainMission_M061\x00\x00\x00\x00\x00\x00\x00\x00\x00\x00\x00\x00\x00'
236,,EM_M061_TutorialMagatsuhiCrystal.uasset.json,1155,1156,1156,61,b'LV_MainMission_M061\x00\x00\x00\x00\x00\x00\x00\x00\x00\x00\x00\x00\x00'
237,EM_M061_TutorialJump,,1156,1157,1157,61,b'LV_MainMission_M061\x00\x00\x00\x00\x00\x00\x00\x00\x00\x00\x00\x00\x00'
238,EM_M061_TutorialJump2,,1157,1158,1158,61,b'LV_MainMission_M061\x00\x00\x00\x00\x00\x00\x00\x00\x00\x00\x00\x00\x00'
239,,MM_M061_EM0025.uasset.json,1573,1219,1219,61,b'LV_m061_EventHit\x00\x00\x00\x00\x00\x00\x00\x00\x00\x00\x00\x00\x00\x00\x00\x00'
240,,MM_M061_EM0027.uasset.json,15,1221,1221,61,b'LV_m061_EventHit\x00\x00\x00\x00\x00\x00\x00\x00\x00\x00\x00\x00\x00\x00\x00\x00'
241,,MM_M061_EM0028.uasset.json,1221,1222,1222,61,b'LV_m061_EventHit\x00\x00\x00\x00\x00\x00\x00\x00\x00\x00\x00\x00\x00\x00\x00\x00'
242,,M082\MM_M0082_E0171.uasset.json,0,133,133,82,b'LV_m082_01_EventHit_E0171\x00\x00\x00\x00\x00\x00\x00'
243,,M082\MM_M0082_E0172.uasset.json,0,134,134,82,b'LV_m082_01_EventHit_E0171\x00\x00\x00\x00\x00\x00\x00'
244,,M082\MM_M0082_E0173.uasset.json,0,135,135,82,b'LV_m082_01_EventHit_E0171\x00\x00\x00\x00\x00\x00\x00'
245,,M082\MM_M0082_E0174_Hit.uasset.json,0,136,136,82,b'LV_m082_01_EventHit_E0171\x00\x00\x00\x00\x00\x00\x00'
246,,M060\MM_M060_E0815.uasset.json,94,104,0,60,b'LV_m060_EventHit\x00\x00\x00\x00\x00\x00\x00\x00\x00\x00\x00\x00\x00\x00\x00\x00'
247,,M030\MM_M107_EM1824.uasset.json,4572,4574,4574,107,b'LV_E1100\x00\x00\x00\x00\x00\x00\x00\x00\x00\x00\x00\x00\x00\x00\x00\x00\x00\x00\x00\x00\x00\x00\x00\x00'
248,,M062\MM_M062_E0378.uasset.json,46,166,166,62,b'LV_m062_EventHit\x00\x00\x00\x00\x00\x00\x00\x00\x00\x00\x00\x00\x00\x00\x00\x00'
249,,M062\MM_M062_E0386.uasset.json,49,167,167,62,b'LV_m062_EventHit\x00\x00\x00\x00\x00\x00\x00\x00\x00\x00\x00\x00\x00\x00\x00\x00'
250,,M063\MM_M063_E0628.uasset.json,1120,168,168,63,b'LV_m063_EventHit\x00\x00\x00\x00\x00\x00\x00\x00\x00\x00\x00\x00\x00\x00\x00\x00'
251,,M036\MM_M036_E0631.uasset.json,68,169,169,36,b'LV_m036_1F_EventHit\x00\x00\x00\x00\x00\x00\x00\x00\x00\x00\x00\x00\x00'
252,,M085\MM_M085_E0735.uasset.json,91,171,171,85,b'LV_m085_02_EventHit\x00\x00\x00\x00\x00\x00\x00\x00\x00\x00\x00\x00\x00'
253,,,171,172,172,88,b'LV_E0736\x00\x00\x00\x00\x00\x00\x00\x00\x00\x00\x00\x00\x00\x00\x00\x00\x00\x00\x00\x00\x00\x00\x00\x00'
254,,M016\MM_M016_E0871.uasset.json,109,173,173,16,b'LV_m016_01_EventHit\x00\x00\x00\x00\x00\x00\x00\x00\x00\x00\x00\x00\x00'
255,,M063\MM_M063_E0611_Direct.uasset.json,60,191,191,63,b'LV_m063_EventHit\x00\x00\x00\x00\x00\x00\x00\x00\x00\x00\x00\x00\x00\x00\x00\x00'
256,,,0,198,198,99,b'LV_E0170\x00\x00\x00\x00\x00\x00\x00\x00\x00\x00\x00\x00\x00\x00\x00\x00\x00\x00\x00\x00\x00\x00\x00\x00'
257,MM_M0082_E0171_First_2,,198,199,199,82,b'LV_m082_01_EventHit_E0171_P\x00\x00\x00\x00\x00'
258,MM_M0082_E0171_2,,0,200,200,82,b'LV_m082_01_EventHit_E0171_P\x00\x00\x00\x00\x00'
259,MM_M0082_E0172_2,,0,201,201,82,b'LV_m082_01_EventHit_E0171_P\x00\x00\x00\x00\x00'
260,MM_M0082_E0173_2,,0,202,202,82,b'LV_m082_01_EventHit_E0171_P\x00\x00\x00\x00\x00'
261,MM_M0082_E0171_Finish_2,,203,204,204,82,b'LV_m082_01_EventHit_E0171_P\x00\x00\x00\x00\x00'
262,MM_M0082_E0174_Hit_2,,0,205,205,82,b'LV_m082_01_EventHit_E0171_P\x00\x00\x00\x00\x00'
263,,,205,206,206,82,b'LV_E0185\x00\x00\x00\x00\x00\x00\x00\x00\x00\x00\x00\x00\x00\x00\x00\x00\x00\x00\x00\x00\x00\x00\x00\x00'
264,,,206,207,207,50,b'LV_TokyoEventHit_P\x00\x00\x00\x00\x00\x00\x00\x00\x00\x00\x00\x00\x00\x00'
265,,,206,208,208,83,b'LV_E0190\x00\x00\x00\x00\x00\x00\x00\x00\x00\x00\x00\x00\x00\x00\x00\x00\x00\x00\x00\x00\x00\x00\x00\x00'
266,MM_M083_EM191_2,,208,209,209,83,b'LV_m083_01_EventHit_P\x00\x00\x00\x00\x00\x00\x00\x00\x00\x00\x00'
267,MM_M083_EM192_2,,209,212,210,83,b'LV_m083_01_EventHit_P\x00\x00\x00\x00\x00\x00\x00\x00\x00\x00\x00'
268,MM_M083_EM195_2,,210,211,211,83,b'LV_m083_01_EventHit_P\x00\x00\x00\x00\x00\x00\x00\x00\x00\x00\x00'
269,,,211,212,212,81,b'LV_E0215\x00\x00\x00\x00\x00\x00\x00\x00\x00\x00\x00\x00\x00\x00\x00\x00\x00\x00\x00\x00\x00\x00\x00\x00'
270,,,0,0,0,61,b'LV_E0225\x00\x00\x00\x00\x00\x00\x00\x00\x00\x00\x00\x00\x00\x00\x00\x00\x00\x00\x00\x00\x00\x00\x00\x00'
271,MM_M061_E0226,,212,213,213,61,b'LV_MainMission_M061_P\x00\x00\x00\x00\x00\x00\x00\x00\x00\x00\x00'
272,,,213,214,214,61,b'LV_E0235\x00\x00\x00\x00\x00\x00\x00\x00\x00\x00\x00\x00\x00\x00\x00\x00\x00\x00\x00\x00\x00\x00\x00\x00'
273,,,0,649,649,61,b'LV_E0241\x00\x00\x00\x00\x00\x00\x00\x00\x00\x00\x00\x00\x00\x00\x00\x00\x00\x00\x00\x00\x00\x00\x00\x00'
274,MM_M061_E0242_2,,214,215,215,61,b'LV_m061_EventHit_P\x00\x00\x00\x00\x00\x00\x00\x00\x00\x00\x00\x00\x00\x00'
275,EM_M061_TutorialDash,,215,216,216,61,b'LV_MainMission_M061_P\x00\x00\x00\x00\x00\x00\x00\x00\x00\x00\x00'
276,EM_M061_TutorialMagatsuhiCrystal_2,,216,217,217,61,b'LV_MainMission_M061_P\x00\x00\x00\x00\x00\x00\x00\x00\x00\x00\x00'
277,EM_M061_TutorialJump,,217,218,218,61,b'LV_MainMission_M061_P\x00\x00\x00\x00\x00\x00\x00\x00\x00\x00\x00'
278,EM_M061_TutorialJump2,,218,219,219,61,b'LV_MainMission_M061_P\x00\x00\x00\x00\x00\x00\x00\x00\x00\x00\x00'
279,EM_M061_TutorialTakkara,,219,220,220,61,b'LV_MainMission_M061_P\x00\x00\x00\x00\x00\x00\x00\x00\x00\x00\x00'
280,EM_M061_Q0010_5,,220,221,221,61,b'LV_MainMission_M061_P\x00\x00\x00\x00\x00\x00\x00\x00\x00\x00\x00'
281,MM_M061_E0250_2,,221,222,222,61,b'LV_m061_EventHit_P\x00\x00\x00\x00\x00\x00\x00\x00\x00\x00\x00\x00\x00\x00'
282,,,222,223,223,61,b'LV_E0031M\x00\x00\x00\x00\x00\x00\x00\x00\x00\x00\x00\x00\x00\x00\x00\x00\x00\x00\x00\x00\x00\x00\x00'
283,MM_M061_E0250_3,,223,224,224,61,b'LV_m061_EventHit_P\x00\x00\x00\x00\x00\x00\x00\x00\x00\x00\x00\x00\x00\x00'
284,EM_M061_MimanTutorial_4,,221,225,225,61,b'LV_MainMission_M061_P\x00\x00\x00\x00\x00\x00\x00\x00\x00\x00\x00'
285,EM_M061_DevilTalk_2,,221,226,226,61,b'LV_MainMission_M061_P\x00\x00\x00\x00\x00\x00\x00\x00\x00\x00\x00'
286,EM_M061_TutorialSlash_2,,226,227,227,61,b'LV_MainMission_M061_P\x00\x00\x00\x00\x00\x00\x00\x00\x00\x00\x00'
287,EM_M061_Q0013_gaki,,227,228,228,61,b'LV_MainMission_M061_P\x00\x00\x00\x00\x00\x00\x00\x00\x00\x00\x00'
287,EM_M061_Q0013_neko,,227,228,228,61,b'LV_MainMission_M061_P\x00\x00\x00\x00\x00\x00\x00\x00\x00\x00\x00'
288,,,227,229,0,61,b'LV_E0180\x00\x00\x00\x00\x00\x00\x00\x00\x00\x00\x00\x00\x00\x00\x00\x00\x00\x00\x00\x00\x00\x00\x00\x00'
289,,,0,0,229,61,b'LV_E0181\x00\x00\x00\x00\x00\x00\x00\x00\x00\x00\x00\x00\x00\x00\x00\x00\x00\x00\x00\x00\x00\x00\x00\x00'
290,MM_M061_E0251_hit_2,,227,230,230,61,b'LV_MainMission_M061_P\x00\x00\x00\x00\x00\x00\x00\x00\x00\x00\x00'
291,,,0,231,231,61,b'LV_E0251M\x00\x00\x00\x00\x00\x00\x00\x00\x00\x00\x00\x00\x00\x00\x00\x00\x00\x00\x00\x00\x00\x00\x00'
292,MM_M061_E0243_2,,231,232,232,61,b'LV_m061_EventHit_P\x00\x00\x00\x00\x00\x00\x00\x00\x00\x00\x00\x00\x00\x00'
293,EM_M061_TutorialMagatsuka_4,,232,233,233,61,b'LV_MainMission_M061_P\x00\x00\x00\x00\x00\x00\x00\x00\x00\x00\x00'
294,EM_M061_TutorialMagatsuka2_2,,233,234,234,61,b'LV_MainMission_M061_P\x00\x00\x00\x00\x00\x00\x00\x00\x00\x00\x00'
295,MM_M061_EM0181_2,,231,235,235,61,b'LV_m061_EventHit_P\x00\x00\x00\x00\x00\x00\x00\x00\x00\x00\x00\x00\x00\x00'
296,,,235,236,236,61,b'LV_E2010\x00\x00\x00\x00\x00\x00\x00\x00\x00\x00\x00\x00\x00\x00\x00\x00\x00\x00\x00\x00\x00\x00\x00\x00'
297,,,236,237,237,61,b'LV_E2015\x00\x00\x00\x00\x00\x00\x00\x00\x00\x00\x00\x00\x00\x00\x00\x00\x00\x00\x00\x00\x00\x00\x00\x00'
298,MM_M061_EM0182_2,,237,238,238,61,b'LV_m061_EventHit_P\x00\x00\x00\x00\x00\x00\x00\x00\x00\x00\x00\x00\x00\x00'
299,EM_M061_TutorialUniqueSymbol_2,,238,239,239,61,b'LV_MainMission_M061_P\x00\x00\x00\x00\x00\x00\x00\x00\x00\x00\x00'
300,,,0,197,197,202,b'LV_E2000\x00\x00\x00\x00\x00\x00\x00\x00\x00\x00\x00\x00\x00\x00\x00\x00\x00\x00\x00\x00\x00\x00\x00\x00'
301,EM_M061_EM0021,,239,240,240,61,b'LV_MainMission_M061_P\x00\x00\x00\x00\x00\x00\x00\x00\x00\x00\x00'
302,MM_M061_EM0025_2,,240,241,241,61,b'LV_m061_EventHit_P\x00\x00\x00\x00\x00\x00\x00\x00\x00\x00\x00\x00\x00\x00'
303,,,241,242,242,61,b'LV_E0261\x00\x00\x00\x00\x00\x00\x00\x00\x00\x00\x00\x00\x00\x00\x00\x00\x00\x00\x00\x00\x00\x00\x00\x00'
304,,,242,243,243,61,b'LV_E0120M\x00\x00\x00\x00\x00\x00\x00\x00\x00\x00\x00\x00\x00\x00\x00\x00\x00\x00\x00\x00\x00\x00\x00'
305,MM_M061_E0262,,243,244,244,61,b'LV_m061_EventHit_P\x00\x00\x00\x00\x00\x00\x00\x00\x00\x00\x00\x00\x00\x00'
306,,,0,0,0,61,b'LV_E0310\x00\x00\x00\x00\x00\x00\x00\x00\x00\x00\x00\x00\x00\x00\x00\x00\x00\x00\x00\x00\x00\x00\x00\x00'
307,MM_M061_EM0026,,244,245,245,61,b'LV_m061_EventHit_P\x00\x00\x00\x00\x00\x00\x00\x00\x00\x00\x00\x00\x00\x00'
308,,,245,246,246,61,b'LV_E0300\x00\x00\x00\x00\x00\x00\x00\x00\x00\x00\x00\x00\x00\x00\x00\x00\x00\x00\x00\x00\x00\x00\x00\x00'
309,MM_M061_EM0027_2,,246,247,247,61,b'LV_m061_EventHit_P\x00\x00\x00\x00\x00\x00\x00\x00\x00\x00\x00\x00\x00\x00'
310,,,247,248,248,61,b'LV_E2020\x00\x00\x00\x00\x00\x00\x00\x00\x00\x00\x00\x00\x00\x00\x00\x00\x00\x00\x00\x00\x00\x00\x00\x00'
311,,,248,249,249,203,b'LV_E2022\x00\x00\x00\x00\x00\x00\x00\x00\x00\x00\x00\x00\x00\x00\x00\x00\x00\x00\x00\x00\x00\x00\x00\x00'
312,,MM_M200_EN0100.uasset.json,249,250,250,61,b'LV_m061_EventHit_P\x00\x00\x00\x00\x00\x00\x00\x00\x00\x00\x00\x00\x00\x00'
313,,,290,453,453,204,b'LV_E2164\x00\x00\x00\x00\x00\x00\x00\x00\x00\x00\x00\x00\x00\x00\x00\x00\x00\x00\x00\x00\x00\x00\x00\x00'
314,MM_M061_EM0020,,250,255,252,61,b'LV_m061_EventHit_P\x00\x00\x00\x00\x00\x00\x00\x00\x00\x00\x00\x00\x00\x00'
315,MM_M061_EM0021_Ready2,,256,253,253,61,b'LV_m061_EventHit_P\x00\x00\x00\x00\x00\x00\x00\x00\x00\x00\x00\x00\x00\x00'
316,MM_M061_EM0021,,256,254,254,61,b'LV_m061_EventHit_P\x00\x00\x00\x00\x00\x00\x00\x00\x00\x00\x00\x00\x00\x00'
317,,,255,257,257,31,b'LV_E0330\x00\x00\x00\x00\x00\x00\x00\x00\x00\x00\x00\x00\x00\x00\x00\x00\x00\x00\x00\x00\x00\x00\x00\x00'
318,,,0,0,0,31,b'LV_E2029\x00\x00\x00\x00\x00\x00\x00\x00\x00\x00\x00\x00\x00\x00\x00\x00\x00\x00\x00\x00\x00\x00\x00\x00'
319,,M062\Pleiades\MM_M062_E2326_Direct.uasset.json,352,454,454,62,b'LV_m062_EventHit_P\x00\x00\x00\x00\x00\x00\x00\x00\x00\x00\x00\x00\x00\x00'
320,MM_M030_Foothold_2,,257,259,259,30,b'LV_E2030\x00\x00\x00\x00\x00\x00\x00\x00\x00\x00\x00\x00\x00\x00\x00\x00\x00\x00\x00\x00\x00\x00\x00\x00'
321,EM_M061_Q0019_2,,259,260,260,30,b'LV_m030_EventHit\x00\x00\x00\x00\x00\x00\x00\x00\x00\x00\x00\x00\x00\x00\x00\x00'
322,,,257,261,0,30,b'LV_E2035\x00\x00\x00\x00\x00\x00\x00\x00\x00\x00\x00\x00\x00\x00\x00\x00\x00\x00\x00\x00\x00\x00\x00\x00'
323,,,0,0,261,85,b'LV_E2040\x00\x00\x00\x00\x00\x00\x00\x00\x00\x00\x00\x00\x00\x00\x00\x00\x00\x00\x00\x00\x00\x00\x00\x00'
324,MM_M085_E352,,261,262,262,85,b'LV_m085_01_EventHit_P\x00\x00\x00\x00\x00\x00\x00\x00\x00\x00\x00'
325,MM_M085_E353,,261,263,263,85,b'LV_E2043\x00\x00\x00\x00\x00\x00\x00\x00\x00\x00\x00\x00\x00\x00\x00\x00\x00\x00\x00\x00\x00\x00\x00\x00'
325,MM_M085_E0353_3,,261,263,263,85,b'LV_E2043\x00\x00\x00\x00\x00\x00\x00\x00\x00\x00\x00\x00\x00\x00\x00\x00\x00\x00\x00\x00\x00\x00\x00\x00'
325,MM_M085_E0353_4,,261,263,263,85,b'LV_E2043\x00\x00\x00\x00\x00\x00\x00\x00\x00\x00\x00\x00\x00\x00\x00\x00\x00\x00\x00\x00\x00\x00\x00\x00'
326,,M085\MM_M085_E0360Simple.uasset.json,386,476,476,64,b'LV_E2643\x00\x00\x00\x00\x00\x00\x00\x00\x00\x00\x00\x00\x00\x00\x00\x00\x00\x00\x00\x00\x00\x00\x00\x00'
327,MM_M085_E361,,284,285,285,85,b'LV_m085_01_EventHit_P\x00\x00\x00\x00\x00\x00\x00\x00\x00\x00\x00'
328,MM_M085_Foothold_3,M115\MM_M115_E2050.uasset.json,263,266,266,115,b'LV_m115_01_EventHit_P\x00\x00\x00\x00\x00\x00\x00\x00\x00\x00\x00'
328,MM_M085_Foothold_4,M115\MM_M115_E2050.uasset.json,263,266,266,115,b'LV_m115_01_EventHit_P\x00\x00\x00\x00\x00\x00\x00\x00\x00\x00\x00'
329,,,452,267,267,82,b'LV_E0361\x00\x00\x00\x00\x00\x00\x00\x00\x00\x00\x00\x00\x00\x00\x00\x00\x00\x00\x00\x00\x00\x00\x00\x00'
330,,,267,268,268,82,b'LV_E0362\x00\x00\x00\x00\x00\x00\x00\x00\x00\x00\x00\x00\x00\x00\x00\x00\x00\x00\x00\x00\x00\x00\x00\x00'
331,MM_M082_EN0155_2,,267,271,269,82,b'LV_m082_01_EventHit_P\x00\x00\x00\x00\x00\x00\x00\x00\x00\x00\x00'
332,MM_M082_E363_P,,267,270,270,82,b'LV_m082_01_EventHit_P\x00\x00\x00\x00\x00\x00\x00\x00\x00\x00\x00'
333,,,270,271,271,99,b'LV_E2060\x00\x00\x00\x00\x00\x00\x00\x00\x00\x00\x00\x00\x00\x00\x00\x00\x00\x00\x00\x00\x00\x00\x00\x00'
334,MM_M082_E366_P,,271,272,272,82,b'LV_m082_01_EventHit_P\x00\x00\x00\x00\x00\x00\x00\x00\x00\x00\x00'
335,,,272,273,273,82,b'LV_E0365\x00\x00\x00\x00\x00\x00\x00\x00\x00\x00\x00\x00\x00\x00\x00\x00\x00\x00\x00\x00\x00\x00\x00\x00'
336,MM_M082_E367_P,,273,274,274,82,b'LV_m082_01_EventHit_P\x00\x00\x00\x00\x00\x00\x00\x00\x00\x00\x00'
337,,,274,286,286,91,b'LV_E2130\x00\x00\x00\x00\x00\x00\x00\x00\x00\x00\x00\x00\x00\x00\x00\x00\x00\x00\x00\x00\x00\x00\x00\x00'
338,,EM_M061_Q0013.uasset.json,1089,1093,1093,61,b'LV_MainMission_M061\x00\x00\x00\x00\x00\x00\x00\x00\x00\x00\x00\x00\x00'
339,,M061\MM_M061_EM0020.uasset.json,1222,4100,4097,61,b'LV_m061_EventHit\x00\x00\x00\x00\x00\x00\x00\x00\x00\x00\x00\x00\x00\x00\x00\x00'
340,,EM_M061_Q0010.uasset.json,7,1089,1089,61,b'LV_MainMission_M061\x00\x00\x00\x00\x00\x00\x00\x00\x00\x00\x00\x00\x00'
341,,M061\MM_M061_EM0021_Ready.uasset.json,4098,4654,4654,61,b'LV_m061_EventHit\x00\x00\x00\x00\x00\x00\x00\x00\x00\x00\x00\x00\x00\x00\x00\x00'
342,,M061\MM_M061_EM0021.uasset.json,4098,4099,4099,61,b'LV_m061_EventHit\x00\x00\x00\x00\x00\x00\x00\x00\x00\x00\x00\x00\x00\x00\x00\x00'
343,,M115\MM_M115_E2140_Direct.uasset.json,286,287,287,115,b'LV_m115_01_EventHit_P\x00\x00\x00\x00\x00\x00\x00\x00\x00\x00\x00'
344,MM_M085_E304,,263,285,281,85,b'LV_m085_02_EventHit_P\x00\x00\x00\x00\x00\x00\x00\x00\x00\x00\x00'
345,MM_M085_E303,,263,285,282,85,b'LV_m085_02_EventHit_P\x00\x00\x00\x00\x00\x00\x00\x00\x00\x00\x00'
346,MM_M085_E302,,263,285,283,85,b'LV_m085_02_EventHit_P\x00\x00\x00\x00\x00\x00\x00\x00\x00\x00\x00'
347,,,287,288,288,89,b'LV_E0060\x00\x00\x00\x00\x00\x00\x00\x00\x00\x00\x00\x00\x00\x00\x00\x00\x00\x00\x00\x00\x00\x00\x00\x00'
348,,M115\MM_M115_E2150_Direct.uasset.json,288,289,289,115,b'LV_m115_01_EventHit_P\x00\x00\x00\x00\x00\x00\x00\x00\x00\x00\x00'
349,,,289,290,290,204,b'LV_E2160\x00\x00\x00\x00\x00\x00\x00\x00\x00\x00\x00\x00\x00\x00\x00\x00\x00\x00\x00\x00\x00\x00\x00\x00'
350,,M083\MM_M083_E2160_Direct.uasset.json,453,291,291,204,b'LV_m083_01_EventHit_P\x00\x00\x00\x00\x00\x00\x00\x00\x00\x00\x00'
351,,,290,292,292,86,b'LV_E2170\x00\x00\x00\x00\x00\x00\x00\x00\x00\x00\x00\x00\x00\x00\x00\x00\x00\x00\x00\x00\x00\x00\x00\x00'
352,,,292,293,293,101,b'LV_E2180\x00\x00\x00\x00\x00\x00\x00\x00\x00\x00\x00\x00\x00\x00\x00\x00\x00\x00\x00\x00\x00\x00\x00\x00'
353,MM_M0101_E0436_Direct_2,,293,294,294,101,b'LV_m101_01_EventHit_P\x00\x00\x00\x00\x00\x00\x00\x00\x00\x00\x00'
354,,,293,295,295,92,b'LV_E0470\x00\x00\x00\x00\x00\x00\x00\x00\x00\x00\x00\x00\x00\x00\x00\x00\x00\x00\x00\x00\x00\x00\x00\x00'
355,,M092\MM_M092_E2190_hit.uasset.json,295,296,296,92,b'LV_m092_EventHit_P\x00\x00\x00\x00\x00\x00\x00\x00\x00\x00\x00\x00\x00\x00'
356,,,296,297,297,92,b'LV_E2210\x00\x00\x00\x00\x00\x00\x00\x00\x00\x00\x00\x00\x00\x00\x00\x00\x00\x00\x00\x00\x00\x00\x00\x00'
357,,,0,0,0,0,b'0\x00\x00\x00\x00\x00\x00\x00\x00\x00\x00\x00\x00\x00\x00\x00\x00\x00\x00\x00\x00\x00\x00\x00\x00\x00\x00\x00\x00\x00\x00\x00'
358,MM_M092_EM100,,293,300,300,92,b'LV_m092_EventHit_P\x00\x00\x00\x00\x00\x00\x00\x00\x00\x00\x00\x00\x00\x00'
359,MM_M092_EM101,,293,301,301,92,b'LV_m092_EventHit_P\x00\x00\x00\x00\x00\x00\x00\x00\x00\x00\x00\x00\x00\x00'
360,MM_M092_EM102__2,,293,302,302,92,b'LV_m092_EventHit_P\x00\x00\x00\x00\x00\x00\x00\x00\x00\x00\x00\x00\x00\x00'
361,,,293,303,303,92,b'LV_m092_EventHit_P\x00\x00\x00\x00\x00\x00\x00\x00\x00\x00\x00\x00\x00\x00'
362,MM_M092_EM104,,293,304,304,92,b'LV_m092_EventHit_P\x00\x00\x00\x00\x00\x00\x00\x00\x00\x00\x00\x00\x00\x00'
363,MM_M092_EM105_1,,293,305,305,92,b'LV_m092_EventHit_P\x00\x00\x00\x00\x00\x00\x00\x00\x00\x00\x00\x00\x00\x00'
364,MM_M092_EM106__2,,293,306,306,92,b'LV_m092_EventHit_P\x00\x00\x00\x00\x00\x00\x00\x00\x00\x00\x00\x00\x00\x00'
365,MM_M092_EM107_3,,293,307,307,92,b'LV_m092_EventHit_P\x00\x00\x00\x00\x00\x00\x00\x00\x00\x00\x00\x00\x00\x00'
366,MM_M092_EM108_3,,293,308,308,92,b'LV_m092_EventHit_P\x00\x00\x00\x00\x00\x00\x00\x00\x00\x00\x00\x00\x00\x00'
367,MM_M092_EM109_a_2,,293,309,309,92,b'LV_m092_EventHit_P\x00\x00\x00\x00\x00\x00\x00\x00\x00\x00\x00\x00\x00\x00'
368,MM_M092_EM110,,293,310,310,92,b'LV_m092_EventHit_P\x00\x00\x00\x00\x00\x00\x00\x00\x00\x00\x00\x00\x00\x00'
369,MM_M092_EM111,,293,311,311,92,b'LV_m092_EventHit_P\x00\x00\x00\x00\x00\x00\x00\x00\x00\x00\x00\x00\x00\x00'
370,MM_M092_EM112__2,,293,312,312,92,b'LV_m092_EventHit_P\x00\x00\x00\x00\x00\x00\x00\x00\x00\x00\x00\x00\x00\x00'
371,MM_M092_E0476_2,,297,313,313,92,b'LV_m092_EventHit_P\x00\x00\x00\x00\x00\x00\x00\x00\x00\x00\x00\x00\x00\x00'
372,,M092\MM_M092_E2251_hit.uasset.json,313,317,317,92,b'LV_m092_EventHit_P\x00\x00\x00\x00\x00\x00\x00\x00\x00\x00\x00\x00\x00\x00'
373,,,313,314,314,92,b'LV_E2250\x00\x00\x00\x00\x00\x00\x00\x00\x00\x00\x00\x00\x00\x00\x00\x00\x00\x00\x00\x00\x00\x00\x00\x00'
374,,,314,315,315,211,b'LV_E2255\x00\x00\x00\x00\x00\x00\x00\x00\x00\x00\x00\x00\x00\x00\x00\x00\x00\x00\x00\x00\x00\x00\x00\x00'
375,,,315,316,316,211,b'LV_E2260\x00\x00\x00\x00\x00\x00\x00\x00\x00\x00\x00\x00\x00\x00\x00\x00\x00\x00\x00\x00\x00\x00\x00\x00'
376,,,315,318,318,62,b'LV_E2270\x00\x00\x00\x00\x00\x00\x00\x00\x00\x00\x00\x00\x00\x00\x00\x00\x00\x00\x00\x00\x00\x00\x00\x00'
377,,M062\Pleiades\MM_M062_E2271_Direct.uasset.json,318,319,319,62,b'LV_m062_EventHit_P\x00\x00\x00\x00\x00\x00\x00\x00\x00\x00\x00\x00\x00\x00'
378,,M062\Pleiades\MM_M062_E228x.uasset.json,319,320,320,62,b'LV_m062_EventHit_P\x00\x00\x00\x00\x00\x00\x00\x00\x00\x00\x00\x00\x00\x00'
379,MM_M062_E2281,,319,321,321,62,b'LV_m062_EventHit_P\x00\x00\x00\x00\x00\x00\x00\x00\x00\x00\x00\x00\x00\x00'
380,MM_M062_E2282,,319,322,322,62,b'LV_m062_EventHit_P\x00\x00\x00\x00\x00\x00\x00\x00\x00\x00\x00\x00\x00\x00'
381,MM_M062_E2283,,319,323,323,62,b'LV_m062_EventHit_P\x00\x00\x00\x00\x00\x00\x00\x00\x00\x00\x00\x00\x00\x00'
382,,,320,324,324,62,b'LV_m062_EventHit_P\x00\x00\x00\x00\x00\x00\x00\x00\x00\x00\x00\x00\x00\x00'
383,,M062\Pleiades\MM_M062_E2285.uasset.json,324,325,325,62,b'LV_m062_EventHit_P\x00\x00\x00\x00\x00\x00\x00\x00\x00\x00\x00\x00\x00\x00'
384,MM_M062_EM0122_2,,325,326,326,62,b'LV_m062_EventHit_P\x00\x00\x00\x00\x00\x00\x00\x00\x00\x00\x00\x00\x00\x00'
385,MM_M062_EM0123_2,,325,327,327,62,b'LV_m062_EventHit_P\x00\x00\x00\x00\x00\x00\x00\x00\x00\x00\x00\x00\x00\x00'
386,MM_M062_EM0124_2,,325,328,328,62,b'LV_m062_EventHit_P\x00\x00\x00\x00\x00\x00\x00\x00\x00\x00\x00\x00\x00\x00'
387,,M062\Pleiades\MM_M062_E2275.uasset.json,325,329,329,62,b'LV_m062_EventHit_P\x00\x00\x00\x00\x00\x00\x00\x00\x00\x00\x00\x00\x00\x00'
388,,M062\Pleiades\MM_M062_E2289.uasset.json,329,330,330,62,b'LV_m062_EventHit_P\x00\x00\x00\x00\x00\x00\x00\x00\x00\x00\x00\x00\x00\x00'
389,,,329,331,331,62,b'LV_E2290\x00\x00\x00\x00\x00\x00\x00\x00\x00\x00\x00\x00\x00\x00\x00\x00\x00\x00\x00\x00\x00\x00\x00\x00'
390,,M062\Pleiades\MM_M062_E2295_Direct.uasset.json,331,332,332,62,b'LV_m062_EventHit_P\x00\x00\x00\x00\x00\x00\x00\x00\x00\x00\x00\x00\x00\x00'
391,,M062\Pleiades\MM_M062_E2296.uasset.json,332,333,333,62,b'LV_m062_EventHit_P\x00\x00\x00\x00\x00\x00\x00\x00\x00\x00\x00\x00\x00\x00'
392,MM_M062_EM0125_2,,333,334,334,62,b'LV_m062_EventHit_P\x00\x00\x00\x00\x00\x00\x00\x00\x00\x00\x00\x00\x00\x00'
393,,,334,335,335,62,b'LV_E2297\x00\x00\x00\x00\x00\x00\x00\x00\x00\x00\x00\x00\x00\x00\x00\x00\x00\x00\x00\x00\x00\x00\x00\x00'
394,,M062\Pleiades\MM_M062_E2298_Direct.uasset.json,335,336,336,62,b'LV_m062_EventHit_P\x00\x00\x00\x00\x00\x00\x00\x00\x00\x00\x00\x00\x00\x00'
395,,M062\Pleiades\MM_M062_E2300.uasset.json,336,337,337,62,b'LV_m062_EventHit_P\x00\x00\x00\x00\x00\x00\x00\x00\x00\x00\x00\x00\x00\x00'
396,,,0,0,0,0,b'0\x00\x00\x00\x00\x00\x00\x00\x00\x00\x00\x00\x00\x00\x00\x00\x00\x00\x00\x00\x00\x00\x00\x00\x00\x00\x00\x00\x00\x00\x00\x00'
397,,M062\Pleiades\MM_M062_E2302.uasset.json,338,339,339,62,b'LV_m062_EventHit_P\x00\x00\x00\x00\x00\x00\x00\x00\x00\x00\x00\x00\x00\x00'
398,,M062\Pleiades\MM_M062_E2305.uasset.json,339,340,340,62,b'LV_m062_EventHit_P\x00\x00\x00\x00\x00\x00\x00\x00\x00\x00\x00\x00\x00\x00'
399,,M062\Pleiades\MM_M062_E2305_2.uasset.json,340,346,341,62,b'LV_m062_EventHit_P\x00\x00\x00\x00\x00\x00\x00\x00\x00\x00\x00\x00\x00\x00'
400,,M062\Pleiades\MM_M062_E2305_3-5.uasset.json,341,342,342,62,b'LV_m062_EventHit_P\x00\x00\x00\x00\x00\x00\x00\x00\x00\x00\x00\x00\x00\x00'
401,MM_M062_E2305_5,,341,343,343,62,b'LV_m062_EventHit_P\x00\x00\x00\x00\x00\x00\x00\x00\x00\x00\x00\x00\x00\x00'
402,MM_M062_E2305_4,,341,344,344,62,b'LV_m062_EventHit_P\x00\x00\x00\x00\x00\x00\x00\x00\x00\x00\x00\x00\x00\x00'
403,,,345,346,346,62,b'LV_m062_EventHit_P\x00\x00\x00\x00\x00\x00\x00\x00\x00\x00\x00\x00\x00\x00'
404,,,346,347,347,62,b'LV_E2310\x00\x00\x00\x00\x00\x00\x00\x00\x00\x00\x00\x00\x00\x00\x00\x00\x00\x00\x00\x00\x00\x00\x00\x00'
405,,M062\Pleiades\MM_M062_E2311.uasset.json,347,348,348,62,b'LV_m062_EventHit_P\x00\x00\x00\x00\x00\x00\x00\x00\x00\x00\x00\x00\x00\x00'
406,,,348,349,349,62,b'LV_E2320\x00\x00\x00\x00\x00\x00\x00\x00\x00\x00\x00\x00\x00\x00\x00\x00\x00\x00\x00\x00\x00\x00\x00\x00'
407,,,349,352,352,62,b'LV_E2325\x00\x00\x00\x00\x00\x00\x00\x00\x00\x00\x00\x00\x00\x00\x00\x00\x00\x00\x00\x00\x00\x00\x00\x00'
408,,,454,353,0,62,b'LV_E2330\x00\x00\x00\x00\x00\x00\x00\x00\x00\x00\x00\x00\x00\x00\x00\x00\x00\x00\x00\x00\x00\x00\x00\x00'
409,,M115\MM_M115_E2400_Direct.uasset.json,460,354,354,115,b'LV_m115_01_EventHit_P\x00\x00\x00\x00\x00\x00\x00\x00\x00\x00\x00'
410,,M115\MM_M115_E2405_Direct.uasset.json,462,355,355,115,b'LV_m115_01_EventHit_P\x00\x00\x00\x00\x00\x00\x00\x00\x00\x00\x00'
411,,M085\MM_M085_E2410.uasset.json,353,356,356,85,b'LV_m085_02_EventHit_P\x00\x00\x00\x00\x00\x00\x00\x00\x00\x00\x00'
412,,M085\MM_M085_E2420.uasset.json,356,357,357,85,b'LV_m085_02_EventHit_P\x00\x00\x00\x00\x00\x00\x00\x00\x00\x00\x00'
413,,M087\MM_M087_E2430_Direct.uasset.json,357,455,455,50,b'LV_TokyoEventHit_P\x00\x00\x00\x00\x00\x00\x00\x00\x00\x00\x00\x00\x00\x00'
414,,,464,359,359,64,b'LV_E2500\x00\x00\x00\x00\x00\x00\x00\x00\x00\x00\x00\x00\x00\x00\x00\x00\x00\x00\x00\x00\x00\x00\x00\x00'
415,,,359,468,468,64,b'LV_E2519\x00\x00\x00\x00\x00\x00\x00\x00\x00\x00\x00\x00\x00\x00\x00\x00\x00\x00\x00\x00\x00\x00\x00\x00'
416,,M064\MM_M064_E2520_Direct.uasset.json,468,360,360,64,b'LV_m064_EventHit\x00\x00\x00\x00\x00\x00\x00\x00\x00\x00\x00\x00\x00\x00\x00\x00'
417,,M064\MM_M064_E2550.uasset.json,359,470,470,64,b'LV_m064_EventHit\x00\x00\x00\x00\x00\x00\x00\x00\x00\x00\x00\x00\x00\x00\x00\x00'
418,,M064\MM_M064_E2560.uasset.json,363,362,362,64,b'LV_m064_EventHit\x00\x00\x00\x00\x00\x00\x00\x00\x00\x00\x00\x00\x00\x00\x00\x00'
418,,M064\MM_M064_E2562_Direct.uasset.json,363,362,362,64,b'LV_m064_EventHit\x00\x00\x00\x00\x00\x00\x00\x00\x00\x00\x00\x00\x00\x00\x00\x00'
419,,,387,477,477,64,b'LV_E2645\x00\x00\x00\x00\x00\x00\x00\x00\x00\x00\x00\x00\x00\x00\x00\x00\x00\x00\x00\x00\x00\x00\x00\x00'
420,,M085\MM_M085_E2600.uasset.json,362,365,365,85,b'LV_m085_02_EventHit_P\x00\x00\x00\x00\x00\x00\x00\x00\x00\x00\x00'
421,,MM_M061_E2610.uasset.json,471,366,366,61,b'LV_m061_EventHit_E2600After_P\x00\x00\x00'
422,,MM_M061_E2620.uasset.json,366,367,367,61,b'LV_m061_EventHit_E2600After_P\x00\x00\x00'
423,,MM_M061_E2625_Direct.uasset.json,367,368,368,61,b'LV_m061_EventHit_E2600After_P\x00\x00\x00'
424,,M085\MM_M085_E2630_Direct.uasset.json,368,369,369,85,b'LV_m085_01_EventHit_P\x00\x00\x00\x00\x00\x00\x00\x00\x00\x00\x00'
425,,,7235,370,370,64,b'LV_E2640\x00\x00\x00\x00\x00\x00\x00\x00\x00\x00\x00\x00\x00\x00\x00\x00\x00\x00\x00\x00\x00\x00\x00\x00'
426,,M064\MM_M064_E2650_Direct.uasset.json,478,371,371,64,b'LV_m064_01_EventHit\x00\x00\x00\x00\x00\x00\x00\x00\x00\x00\x00\x00\x00'
427,,M085\MM_M085_E2660.uasset.json,371,372,372,85,b'LV_m085_02_EventHit_P\x00\x00\x00\x00\x00\x00\x00\x00\x00\x00\x00'
428,,M080\MM_M080_E2670_Direct.uasset.json,372,373,373,80,b'LV_m080_01_EventHit_P\x00\x00\x00\x00\x00\x00\x00\x00\x00\x00\x00'
429,,,373,374,374,87,b'LV_E2680\x00\x00\x00\x00\x00\x00\x00\x00\x00\x00\x00\x00\x00\x00\x00\x00\x00\x00\x00\x00\x00\x00\x00\x00'
430,,,374,375,375,87,b'LV_E2685\x00\x00\x00\x00\x00\x00\x00\x00\x00\x00\x00\x00\x00\x00\x00\x00\x00\x00\x00\x00\x00\x00\x00\x00'
431,,,479,376,376,64,b'LV_E2700\x00\x00\x00\x00\x00\x00\x00\x00\x00\x00\x00\x00\x00\x00\x00\x00\x00\x00\x00\x00\x00\x00\x00\x00'
432,,,441,377,0,64,b'LV_E2710\x00\x00\x00\x00\x00\x00\x00\x00\x00\x00\x00\x00\x00\x00\x00\x00\x00\x00\x00\x00\x00\x00\x00\x00'
433,,,377,483,483,203,b'LV_E2717\x00\x00\x00\x00\x00\x00\x00\x00\x00\x00\x00\x00\x00\x00\x00\x00\x00\x00\x00\x00\x00\x00\x00\x00'
434,,,379,380,380,203,b'LV_E2720M\x00\x00\x00\x00\x00\x00\x00\x00\x00\x00\x00\x00\x00\x00\x00\x00\x00\x00\x00\x00\x00\x00\x00'
435,,,484,379,379,203,b'LV_E2730\x00\x00\x00\x00\x00\x00\x00\x00\x00\x00\x00\x00\x00\x00\x00\x00\x00\x00\x00\x00\x00\x00\x00\x00'
436,,,380,381,381,203,b'LV_E2735\x00\x00\x00\x00\x00\x00\x00\x00\x00\x00\x00\x00\x00\x00\x00\x00\x00\x00\x00\x00\x00\x00\x00\x00'
437,,M085\MM_M085_E0360_Yoko.uasset.json,263,285,500,85,b'LV_m085_02_EventHit_P\x00\x00\x00\x00\x00\x00\x00\x00\x00\x00\x00'
438,,,385,383,383,64,b'LV_E2760\x00\x00\x00\x00\x00\x00\x00\x00\x00\x00\x00\x00\x00\x00\x00\x00\x00\x00\x00\x00\x00\x00\x00\x00'
439,,,383,384,384,89,b'LV_E2770\x00\x00\x00\x00\x00\x00\x00\x00\x00\x00\x00\x00\x00\x00\x00\x00\x00\x00\x00\x00\x00\x00\x00\x00'
440,,,0,0,0,89,b'0\x00\x00\x00\x00\x00\x00\x00\x00\x00\x00\x00\x00\x00\x00\x00\x00\x00\x00\x00\x00\x00\x00\x00\x00\x00\x00\x00\x00\x00\x00\x00'
441,,,0,0,0,89,b'LV_E2790\x00\x00\x00\x00\x00\x00\x00\x00\x00\x00\x00\x00\x00\x00\x00\x00\x00\x00\x00\x00\x00\x00\x00\x00'
442,,M064\MM_M064_E2510_Direct.uasset.json,359,465,465,64,b'LV_m064_EventHit\x00\x00\x00\x00\x00\x00\x00\x00\x00\x00\x00\x00\x00\x00\x00\x00'
443,,M064\MM_M064_E2795_Direct.uasset.json,384,391,391,64,b'LV_m064_EventHit\x00\x00\x00\x00\x00\x00\x00\x00\x00\x00\x00\x00\x00\x00\x00\x00'
444,,M064\MM_M064_E2900.uasset.json,391,392,392,64,b'LV_m064_EventHit\x00\x00\x00\x00\x00\x00\x00\x00\x00\x00\x00\x00\x00\x00\x00\x00'
445,,M038\MM_M038_E2910.uasset.json,7232,393,393,38,b'LV_m038_1F_EventHit\x00\x00\x00\x00\x00\x00\x00\x00\x00\x00\x00\x00\x00'
446,,,393,394,394,38,b'LV_E2920\x00\x00\x00\x00\x00\x00\x00\x00\x00\x00\x00\x00\x00\x00\x00\x00\x00\x00\x00\x00\x00\x00\x00\x00'
447,,M038\MM_M038_E2930_Direct.uasset.json,394,395,395,38,b'LV_m038_4F_EventHit\x00\x00\x00\x00\x00\x00\x00\x00\x00\x00\x00\x00\x00'
448,,M064\MM_M064_E2950_Direct.uasset.json,395,396,396,64,b'LV_m064_EventHit\x00\x00\x00\x00\x00\x00\x00\x00\x00\x00\x00\x00\x00\x00\x00\x00'
449,,M085\MM_M085_E2960.uasset.json,508,397,397,85,b'LV_m085_01_EventHit_P\x00\x00\x00\x00\x00\x00\x00\x00\x00\x00\x00'
450,,,397,398,398,105,b'LV_E2970\x00\x00\x00\x00\x00\x00\x00\x00\x00\x00\x00\x00\x00\x00\x00\x00\x00\x00\x00\x00\x00\x00\x00\x00'
451,,,509,399,399,60,b'LV_E3000\x00\x00\x00\x00\x00\x00\x00\x00\x00\x00\x00\x00\x00\x00\x00\x00\x00\x00\x00\x00\x00\x00\x00\x00'
452,,M060\MM_M060_E3001_Direct.uasset.json,399,400,400,60,b'LV_m060_EventHit_P\x00\x00\x00\x00\x00\x00\x00\x00\x00\x00\x00\x00\x00\x00'
453,,M060\MM_M060_E3002.uasset.json,400,401,0,60,b'LV_m060_EventHit_P\x00\x00\x00\x00\x00\x00\x00\x00\x00\x00\x00\x00\x00\x00'
454,MM_M060_E767,,400,401,0,60,b'LV_m060_EventHit_P\x00\x00\x00\x00\x00\x00\x00\x00\x00\x00\x00\x00\x00\x00'
455,,,0,0,0,0,b'0\x00\x00\x00\x00\x00\x00\x00\x00\x00\x00\x00\x00\x00\x00\x00\x00\x00\x00\x00\x00\x00\x00\x00\x00\x00\x00\x00\x00\x00\x00\x00'
456,,M060\MM_M060_E3010.uasset.json,399,404,404,60,b'LV_m060_EventHit_P\x00\x00\x00\x00\x00\x00\x00\x00\x00\x00\x00\x00\x00\x00'
457,,,0,0,0,0,b'0\x00\x00\x00\x00\x00\x00\x00\x00\x00\x00\x00\x00\x00\x00\x00\x00\x00\x00\x00\x00\x00\x00\x00\x00\x00\x00\x00\x00\x00\x00\x00'
458,,M060\MM_M060_E3020.uasset.json,405,406,406,60,b'LV_m060_EventHit_P\x00\x00\x00\x00\x00\x00\x00\x00\x00\x00\x00\x00\x00\x00'
459,,M082\MM_M082_E3030_Direct.uasset.json,276,407,407,82,b'LV_m082_01_EventHit_P\x00\x00\x00\x00\x00\x00\x00\x00\x00\x00\x00'
460,,,407,408,0,87,b'LV_E3040\x00\x00\x00\x00\x00\x00\x00\x00\x00\x00\x00\x00\x00\x00\x00\x00\x00\x00\x00\x00\x00\x00\x00\x00'
461,,M087\MM_M087_E3041_Direct.uasset.json,407,408,408,87,b'LV_m087_01_EventHit_P\x00\x00\x00\x00\x00\x00\x00\x00\x00\x00\x00'
462,,,399,410,410,60,b'LV_E3100\x00\x00\x00\x00\x00\x00\x00\x00\x00\x00\x00\x00\x00\x00\x00\x00\x00\x00\x00\x00\x00\x00\x00\x00'
463,,M060\MM_M060_E3110_Direct.uasset.json,410,411,411,60,b'LV_m060_EventHit_P\x00\x00\x00\x00\x00\x00\x00\x00\x00\x00\x00\x00\x00\x00'
464,,,399,412,412,60,b'LV_E3120\x00\x00\x00\x00\x00\x00\x00\x00\x00\x00\x00\x00\x00\x00\x00\x00\x00\x00\x00\x00\x00\x00\x00\x00'
465,,M060\MM_M060_E3130_Direct.uasset.json,412,413,413,60,b'LV_m060_EventHit_P\x00\x00\x00\x00\x00\x00\x00\x00\x00\x00\x00\x00\x00\x00'
466,,M035\MM_M035_E3231.uasset.json,417,414,414,35,b'LV_m035_4F_EventHit\x00\x00\x00\x00\x00\x00\x00\x00\x00\x00\x00\x00\x00'
467,MM_M035_E0825_,,414,415,415,35,b'LV_m035_4F_EventHit\x00\x00\x00\x00\x00\x00\x00\x00\x00\x00\x00\x00\x00'
468,MM_M060_E816,,399,416,0,60,b'LV_m060_EventHit_P\x00\x00\x00\x00\x00\x00\x00\x00\x00\x00\x00\x00\x00\x00'
469,,M060\MM_M060_E3200.uasset.json,416,417,417,60,b'LV_m060_EventHit_P\x00\x00\x00\x00\x00\x00\x00\x00\x00\x00\x00\x00\x00\x00'
470,,,415,418,418,35,b'LV_E3250\x00\x00\x00\x00\x00\x00\x00\x00\x00\x00\x00\x00\x00\x00\x00\x00\x00\x00\x00\x00\x00\x00\x00\x00'
471,,,418,419,419,15,b'LV_E3260\x00\x00\x00\x00\x00\x00\x00\x00\x00\x00\x00\x00\x00\x00\x00\x00\x00\x00\x00\x00\x00\x00\x00\x00'
472,,,419,420,420,35,b'LV_E3300\x00\x00\x00\x00\x00\x00\x00\x00\x00\x00\x00\x00\x00\x00\x00\x00\x00\x00\x00\x00\x00\x00\x00\x00'
473,,,420,421,421,35,b'LV_E3310\x00\x00\x00\x00\x00\x00\x00\x00\x00\x00\x00\x00\x00\x00\x00\x00\x00\x00\x00\x00\x00\x00\x00\x00'
474,,,421,422,422,16,b'LV_E3320\x00\x00\x00\x00\x00\x00\x00\x00\x00\x00\x00\x00\x00\x00\x00\x00\x00\x00\x00\x00\x00\x00\x00\x00'
475,,,422,423,423,94,b'LV_E3330\x00\x00\x00\x00\x00\x00\x00\x00\x00\x00\x00\x00\x00\x00\x00\x00\x00\x00\x00\x00\x00\x00\x00\x00'
476,,,423,424,424,94,b'LV_E3340\x00\x00\x00\x00\x00\x00\x00\x00\x00\x00\x00\x00\x00\x00\x00\x00\x00\x00\x00\x00\x00\x00\x00\x00'
477,,,424,425,425,203,b'LV_E3350\x00\x00\x00\x00\x00\x00\x00\x00\x00\x00\x00\x00\x00\x00\x00\x00\x00\x00\x00\x00\x00\x00\x00\x00'
478,,,485,488,488,203,b'LV_E3355\x00\x00\x00\x00\x00\x00\x00\x00\x00\x00\x00\x00\x00\x00\x00\x00\x00\x00\x00\x00\x00\x00\x00\x00'
479,,,488,426,426,203,b'LV_E3358\x00\x00\x00\x00\x00\x00\x00\x00\x00\x00\x00\x00\x00\x00\x00\x00\x00\x00\x00\x00\x00\x00\x00\x00'
480,,,427,427,427,94,b'LV_E3360\x00\x00\x00\x00\x00\x00\x00\x00\x00\x00\x00\x00\x00\x00\x00\x00\x00\x00\x00\x00\x00\x00\x00\x00'
481,,,0,429,429,96,b'LV_E3390M\x00\x00\x00\x00\x00\x00\x00\x00\x00\x00\x00\x00\x00\x00\x00\x00\x00\x00\x00\x00\x00\x00\x00'
482,,,423,430,430,94,b'LV_E3400\x00\x00\x00\x00\x00\x00\x00\x00\x00\x00\x00\x00\x00\x00\x00\x00\x00\x00\x00\x00\x00\x00\x00\x00'
483,,,430,431,431,203,b'LV_E3410\x00\x00\x00\x00\x00\x00\x00\x00\x00\x00\x00\x00\x00\x00\x00\x00\x00\x00\x00\x00\x00\x00\x00\x00'
484,,,491,432,432,203,b'LV_E3420\x00\x00\x00\x00\x00\x00\x00\x00\x00\x00\x00\x00\x00\x00\x00\x00\x00\x00\x00\x00\x00\x00\x00\x00'
485,,,432,433,433,203,b'LV_E3425\x00\x00\x00\x00\x00\x00\x00\x00\x00\x00\x00\x00\x00\x00\x00\x00\x00\x00\x00\x00\x00\x00\x00\x00'
486,,,433,434,434,94,b'LV_E3450\x00\x00\x00\x00\x00\x00\x00\x00\x00\x00\x00\x00\x00\x00\x00\x00\x00\x00\x00\x00\x00\x00\x00\x00'
487,,,0,435,435,96,b'LV_E3480M\x00\x00\x00\x00\x00\x00\x00\x00\x00\x00\x00\x00\x00\x00\x00\x00\x00\x00\x00\x00\x00\x00\x00'
488,,MM_M061_E2621.uasset.json,366,438,438,61,b'LV_m061_EventHit_E2600After_P\x00\x00\x00'
489,,M050\MM_M050_E2681.uasset.json,373,439,439,50,b'LV_TokyoEventHit_P\x00\x00\x00\x00\x00\x00\x00\x00\x00\x00\x00\x00\x00\x00'
490,,M064\MM_M064_E2701.uasset.json,479,440,440,64,b'LV_m064_EventHit\x00\x00\x00\x00\x00\x00\x00\x00\x00\x00\x00\x00\x00\x00\x00\x00'
491,,M064\MM_M064_E2711.uasset.json,481,441,441,64,b'LV_m064_EventHit\x00\x00\x00\x00\x00\x00\x00\x00\x00\x00\x00\x00\x00\x00\x00\x00'
492,,M038\MM_M038_E2921.uasset.json,393,442,442,38,b'LV_m038_4F_EventHit\x00\x00\x00\x00\x00\x00\x00\x00\x00\x00\x00\x00\x00'
493,,M060\MM_M060_E3101.uasset.json,399,443,443,60,b'LV_m060_EventHit_P\x00\x00\x00\x00\x00\x00\x00\x00\x00\x00\x00\x00\x00\x00'
494,,M060\MM_M060_E3141.uasset.json,399,444,444,60,b'LV_m060_EventHit_P\x00\x00\x00\x00\x00\x00\x00\x00\x00\x00\x00\x00\x00\x00'
495,,,0,0,0,0,b'0\x00\x00\x00\x00\x00\x00\x00\x00\x00\x00\x00\x00\x00\x00\x00\x00\x00\x00\x00\x00\x00\x00\x00\x00\x00\x00\x00\x00\x00\x00\x00'
496,,M035\MM_M035_E3251.uasset.json,415,446,446,35,b'LV_m035_4F_EventHit\x00\x00\x00\x00\x00\x00\x00\x00\x00\x00\x00\x00\x00'
497,,M016\MM_M016_E3331.uasset.json,422,447,447,16,b'LV_m016_01_EventHit_P\x00\x00\x00\x00\x00\x00\x00\x00\x00\x00\x00'
498,MM_M016_E3320_1,,422,448,448,16,b'LV_m016_01_EventHit_P\x00\x00\x00\x00\x00\x00\x00\x00\x00\x00\x00'
499,MM_M016_E3320_2,,422,449,449,16,b'LV_m016_01_EventHit_P\x00\x00\x00\x00\x00\x00\x00\x00\x00\x00\x00'
500,MM_M016_E3320_3,,422,450,450,16,b'LV_m016_01_EventHit_P\x00\x00\x00\x00\x00\x00\x00\x00\x00\x00\x00'
501,,,266,452,452,203,b'LV_E2051\x00\x00\x00\x00\x00\x00\x00\x00\x00\x00\x00\x00\x00\x00\x00\x00\x00\x00\x00\x00\x00\x00\x00\x00'
502,,M087\MM_M087_E2431.uasset.json,357,460,456,87,b'LV_m087_01_EventHit_P\x00\x00\x00\x00\x00\x00\x00\x00\x00\x00\x00'
503,,M087\MM_M087_E2432.uasset.json,357,460,457,87,b'LV_m087_01_EventHit_P\x00\x00\x00\x00\x00\x00\x00\x00\x00\x00\x00'
504,,M087\MM_M087_E2433.uasset.json,357,460,458,87,b'LV_m087_01_EventHit_P\x00\x00\x00\x00\x00\x00\x00\x00\x00\x00\x00'
505,,M083\MM_M083_EM2434.uasset.json,357,460,459,83,b'LV_m083_01_EventHit_P\x00\x00\x00\x00\x00\x00\x00\x00\x00\x00\x00'
506,,M085\MM_M085_E2435.uasset.json,461,460,460,85,b'LV_m085_02_EventHit_P\x00\x00\x00\x00\x00\x00\x00\x00\x00\x00\x00'
507,,,354,462,462,203,b'LV_E2440\x00\x00\x00\x00\x00\x00\x00\x00\x00\x00\x00\x00\x00\x00\x00\x00\x00\x00\x00\x00\x00\x00\x00\x00'
508,,M085\MM_M085_E2445.uasset.json,355,463,463,85,b'LV_m085_02_EventHit_P\x00\x00\x00\x00\x00\x00\x00\x00\x00\x00\x00'
509,,M087\MM_M087_E2490.uasset.json,463,359,359,87,b'LV_m087_01_EventHit_P\x00\x00\x00\x00\x00\x00\x00\x00\x00\x00\x00'
510,,M064\MM_M064_E2512.uasset.json,465,466,466,64,b'LV_m064_EventHit\x00\x00\x00\x00\x00\x00\x00\x00\x00\x00\x00\x00\x00\x00\x00\x00'
511,,M064\MM_M064_E2514.uasset.json,466,467,467,64,b'LV_m064_EventHit\x00\x00\x00\x00\x00\x00\x00\x00\x00\x00\x00\x00\x00\x00\x00\x00'
512,,M064\MM_M064_E2540.uasset.json,360,469,469,64,b'LV_m064_EventHit\x00\x00\x00\x00\x00\x00\x00\x00\x00\x00\x00\x00\x00\x00\x00\x00'
513,,,470,363,363,64,b'LV_E2560\x00\x00\x00\x00\x00\x00\x00\x00\x00\x00\x00\x00\x00\x00\x00\x00\x00\x00\x00\x00\x00\x00\x00\x00'
514,,M115\MM_M115_E2603_Direct.uasset.json,365,471,471,115,b'LV_m115_01_EventHit_P\x00\x00\x00\x00\x00\x00\x00\x00\x00\x00\x00'
515,,,471,472,472,115,b'LV_E2605\x00\x00\x00\x00\x00\x00\x00\x00\x00\x00\x00\x00\x00\x00\x00\x00\x00\x00\x00\x00\x00\x00\x00\x00'
516,,,367,473,473,61,b'LV_E2623\x00\x00\x00\x00\x00\x00\x00\x00\x00\x00\x00\x00\x00\x00\x00\x00\x00\x00\x00\x00\x00\x00\x00\x00'
517,,,369,474,474,85,b'LV_E2633\x00\x00\x00\x00\x00\x00\x00\x00\x00\x00\x00\x00\x00\x00\x00\x00\x00\x00\x00\x00\x00\x00\x00\x00'
518,,M085\MM_M085_E2635_Direct.uasset.json,474,475,475,85,b'LV_m085_01_EventHit_P\x00\x00\x00\x00\x00\x00\x00\x00\x00\x00\x00'
519,,M064\MM_M064_E2642_Direct.uasset.json,370,386,386,64,b'LV_m064_EventHit\x00\x00\x00\x00\x00\x00\x00\x00\x00\x00\x00\x00\x00\x00\x00\x00'
520,,,477,478,478,64,b'LV_E2648\x00\x00\x00\x00\x00\x00\x00\x00\x00\x00\x00\x00\x00\x00\x00\x00\x00\x00\x00\x00\x00\x00\x00\x00'
521,,M085\MM_M085_E2688.uasset.json,375,479,479,85,b'LV_m085_02_EventHit_P\x00\x00\x00\x00\x00\x00\x00\x00\x00\x00\x00'
522,,,440,480,480,64,b'LV_E2703\x00\x00\x00\x00\x00\x00\x00\x00\x00\x00\x00\x00\x00\x00\x00\x00\x00\x00\x00\x00\x00\x00\x00\x00'
523,,,480,481,481,64,b'LV_E2705\x00\x00\x00\x00\x00\x00\x00\x00\x00\x00\x00\x00\x00\x00\x00\x00\x00\x00\x00\x00\x00\x00\x00\x00'
524,,,441,377,377,203,b'LV_E2713\x00\x00\x00\x00\x00\x00\x00\x00\x00\x00\x00\x00\x00\x00\x00\x00\x00\x00\x00\x00\x00\x00\x00\x00'
525,,,0,0,0,0,b'0\x00\x00\x00\x00\x00\x00\x00\x00\x00\x00\x00\x00\x00\x00\x00\x00\x00\x00\x00\x00\x00\x00\x00\x00\x00\x00\x00\x00\x00\x00\x00'
526,,M203\MM_M203_E2718_Direct.uasset.json,483,484,484,203,b'LV_m203_01_EventHit_P\x00\x00\x00\x00\x00\x00\x00\x00\x00\x00\x00'
527,,,381,385,385,64,b'LV_E2740\x00\x00\x00\x00\x00\x00\x00\x00\x00\x00\x00\x00\x00\x00\x00\x00\x00\x00\x00\x00\x00\x00\x00\x00'
528,,,0,0,0,203,b'LV_E2025\x00\x00\x00\x00\x00\x00\x00\x00\x00\x00\x00\x00\x00\x00\x00\x00\x00\x00\x00\x00\x00\x00\x00\x00'
529,,M064\MM_M064_E2644_Direct.uasset.json,476,387,387,64,b'LV_m064_EventHit\x00\x00\x00\x00\x00\x00\x00\x00\x00\x00\x00\x00\x00\x00\x00\x00'
530,,,0,0,0,0,b'0\x00\x00\x00\x00\x00\x00\x00\x00\x00\x00\x00\x00\x00\x00\x00\x00\x00\x00\x00\x00\x00\x00\x00\x00\x00\x00\x00\x00\x00\x00\x00'
531,,M064\MM_M064_E2501_Direct.uasset.json,359,361,361,64,b'LV_m064_EventHit\x00\x00\x00\x00\x00\x00\x00\x00\x00\x00\x00\x00\x00\x00\x00\x00'
532,,M115\MM_M115_E2608_Direct.uasset.json,472,389,389,115,b'LV_m115_01_EventHit_P\x00\x00\x00\x00\x00\x00\x00\x00\x00\x00\x00'
533,,MM_M061_E2609_Direct.uasset.json,389,275,275,61,b'LV_m061_EventHit_E2600After_P\x00\x00\x00'
534,,M085\MM_M085_E2955.uasset.json,396,508,508,85,b'LV_m085_02_EventHit_P\x00\x00\x00\x00\x00\x00\x00\x00\x00\x00\x00'
535,,,398,509,509,85,b'LV_E2980\x00\x00\x00\x00\x00\x00\x00\x00\x00\x00\x00\x00\x00\x00\x00\x00\x00\x00\x00\x00\x00\x00\x00\x00'
536,,M085\MM_M085_E3021.uasset.json,406,276,276,85,b'LV_m085_01_EventHit_P\x00\x00\x00\x00\x00\x00\x00\x00\x00\x00\x00'
537,,,425,485,485,203,b'LV_E3352\x00\x00\x00\x00\x00\x00\x00\x00\x00\x00\x00\x00\x00\x00\x00\x00\x00\x00\x00\x00\x00\x00\x00\x00'
538,,M203\MM_M203_E3353_Direct.uasset.json,485,486,486,203,b'LV_m203_01_EventHit_P\x00\x00\x00\x00\x00\x00\x00\x00\x00\x00\x00'
538,,M203\MM_M203_E3354.uasset.json,485,486,486,203,b'LV_m203_01_EventHit_P\x00\x00\x00\x00\x00\x00\x00\x00\x00\x00\x00'
539,MM_M203_E3354_2,,485,487,487,203,b'LV_m203_01_EventHit_P\x00\x00\x00\x00\x00\x00\x00\x00\x00\x00\x00'
540,,,427,428,428,94,b'LV_E1000\x00\x00\x00\x00\x00\x00\x00\x00\x00\x00\x00\x00\x00\x00\x00\x00\x00\x00\x00\x00\x00\x00\x00\x00'
541,,,497,489,489,17,b'LV_E1010\x00\x00\x00\x00\x00\x00\x00\x00\x00\x00\x00\x00\x00\x00\x00\x00\x00\x00\x00\x00\x00\x00\x00\x00'
542,,,489,490,490,17,b'LV_E1015\x00\x00\x00\x00\x00\x00\x00\x00\x00\x00\x00\x00\x00\x00\x00\x00\x00\x00\x00\x00\x00\x00\x00\x00'
543,,,431,491,491,203,b'LV_E3415\x00\x00\x00\x00\x00\x00\x00\x00\x00\x00\x00\x00\x00\x00\x00\x00\x00\x00\x00\x00\x00\x00\x00\x00'
544,,M203\MM_M203_E3416_Direct.uasset.json,491,492,492,203,b'LV_m203_01_EventHit_P\x00\x00\x00\x00\x00\x00\x00\x00\x00\x00\x00'
545,MM_M203_E3417,,491,493,493,203,b'LV_m203_01_EventHit_P\x00\x00\x00\x00\x00\x00\x00\x00\x00\x00\x00'
546,,,434,494,494,94,b'LV_E3460\x00\x00\x00\x00\x00\x00\x00\x00\x00\x00\x00\x00\x00\x00\x00\x00\x00\x00\x00\x00\x00\x00\x00\x00'
547,,,498,495,495,17,b'LV_E1010\x00\x00\x00\x00\x00\x00\x00\x00\x00\x00\x00\x00\x00\x00\x00\x00\x00\x00\x00\x00\x00\x00\x00\x00'
548,,,495,496,496,17,b'LV_E3475\x00\x00\x00\x00\x00\x00\x00\x00\x00\x00\x00\x00\x00\x00\x00\x00\x00\x00\x00\x00\x00\x00\x00\x00'
549,,M094\MM_M094_E3371_Direct.uasset.json,428,497,497,94,b'LV_m094_01_EventHit_P\x00\x00\x00\x00\x00\x00\x00\x00\x00\x00\x00'
550,MM_M094_E3371_Direct2,,494,498,498,94,b'LV_m094_01_EventHit_P\x00\x00\x00\x00\x00\x00\x00\x00\x00\x00\x00'
551,,,430,431,0,94,b'LV_m094_01_EventHit_P\x00\x00\x00\x00\x00\x00\x00\x00\x00\x00\x00'
552,,M062\Pleiades\MM_M062_E2331_Direct.uasset.json,454,353,353,62,b'LV_m062_EventHit_P\x00\x00\x00\x00\x00\x00\x00\x00\x00\x00\x00\x00\x00\x00'
553,,,0,0,0,0,b'0\x00\x00\x00\x00\x00\x00\x00\x00\x00\x00\x00\x00\x00\x00\x00\x00\x00\x00\x00\x00\x00\x00\x00\x00\x00\x00\x00\x00\x00\x00\x00'
554,,M050\MM_M050_E2166_Direct.uasset.json,291,501,501,50,b'LV_TokyoEventHit_P\x00\x00\x00\x00\x00\x00\x00\x00\x00\x00\x00\x00\x00\x00'
555,,M050\MM_M050_E2171_Direct.uasset.json,292,502,502,50,b'LV_TokyoEventHit_P\x00\x00\x00\x00\x00\x00\x00\x00\x00\x00\x00\x00\x00\x00'
556,,M062\Pleiades\MM_M062_E2312_Direct.uasset.json,347,503,503,62,b'LV_m062_EventHit_P\x00\x00\x00\x00\x00\x00\x00\x00\x00\x00\x00\x00\x00\x00'
557,,M064\MM_M064_E2646_Direct.uasset.json,477,504,504,64,b'LV_m064_EventHit\x00\x00\x00\x00\x00\x00\x00\x00\x00\x00\x00\x00\x00\x00\x00\x00'
558,,M016\MM_M016_E3321_Direct.uasset.json,422,505,505,16,b'LV_m016_01_EventHit_P\x00\x00\x00\x00\x00\x00\x00\x00\x00\x00\x00'
559,,M064\MM_M064_E2647.uasset.json,359,507,507,64,b'LV_m064_EventHit\x00\x00\x00\x00\x00\x00\x00\x00\x00\x00\x00\x00\x00\x00\x00\x00'
560,,,497,489,489,17,b'LV_E1010\x00\x00\x00\x00\x00\x00\x00\x00\x00\x00\x00\x00\x00\x00\x00\x00\x00\x00\x00\x00\x00\x00\x00\x00'
561,,,498,495,495,17,b'LV_E1010\x00\x00\x00\x00\x00\x00\x00\x00\x00\x00\x00\x00\x00\x00\x00\x00\x00\x00\x00\x00\x00\x00\x00\x00'
562,,EM_M061_TutorialSkyView.uasset.json,1148,7680,7680,61,b'LV_MainMission_M061\x00\x00\x00\x00\x00\x00\x00\x00\x00\x00\x00\x00\x00'
563,,EM_M061_TutorialMagatsuro.uasset.json,1578,7681,7681,61,b'LV_MainMission_M061\x00\x00\x00\x00\x00\x00\x00\x00\x00\x00\x00\x00\x00'
564,,EM_M061_TutorialMagatsuhiDevil.uasset.json,1579,7683,7683,61,b'LV_MainMission_M061\x00\x00\x00\x00\x00\x00\x00\x00\x00\x00\x00\x00\x00'
565,EM_M061_TutorialSkyView2,,227,7684,7684,61,b'LV_MainMission_M061_P\x00\x00\x00\x00\x00\x00\x00\x00\x00\x00\x00'
566,EM_M061_TutorialMagatsuro2,,235,7685,7685,61,b'LV_MainMission_M061_P\x00\x00\x00\x00\x00\x00\x00\x00\x00\x00\x00'
567,,EM_M061_TutorialGuest2.uasset.json,237,7686,7686,61,b'LV_MainMission_M061_P\x00\x00\x00\x00\x00\x00\x00\x00\x00\x00\x00'
568,EM_M061_TutorialMagatsuhiDevil2,,238,7687,7687,61,b'LV_MainMission_M061_P\x00\x00\x00\x00\x00\x00\x00\x00\x00\x00\x00'
569,,M094\MM_M094_E3341_Direct.uasset.json,424,425,0,94,b'LV_m094_01_EventHit_P\x00\x00\x00\x00\x00\x00\x00\x00\x00\x00\x00'
570,,,490,0,0,96,b'LV_E3387\x00\x00\x00\x00\x00\x00\x00\x00\x00\x00\x00\x00\x00\x00\x00\x00\x00\x00\x00\x00\x00\x00\x00\x00'
571,,,496,0,0,96,b'LV_E3477\x00\x00\x00\x00\x00\x00\x00\x00\x00\x00\x00\x00\x00\x00\x00\x00\x00\x00\x00\x00\x00\x00\x00\x00'
572,,M064\MM_M064_E2797.uasset.json,392,7747,7747,64,b'LV_m064_EventHit\x00\x00\x00\x00\x00\x00\x00\x00\x00\x00\x00\x00\x00\x00\x00\x00'
573,,MM_M061_E2019_Hit.uasset.json,247,7753,7753,61,b'LV_m061_EventHit_P\x00\x00\x00\x00\x00\x00\x00\x00\x00\x00\x00\x00\x00\x00'
574,,M064\MM_M064_E2699.uasset.json,479,7224,7224,64,b'LV_m064_EventHit\x00\x00\x00\x00\x00\x00\x00\x00\x00\x00\x00\x00\x00\x00\x00\x00'
575,,M082\MM_M082_EN0155.uasset.json,25,28,7225,82,b'LV_m082_01_EventHit\x00\x00\x00\x00\x00\x00\x00\x00\x00\x00\x00\x00\x00'
576,,M092\MM_M092_E2186_Direct.uasset.json,295,7228,7228,92,b'LV_m092_EventHit_P\x00\x00\x00\x00\x00\x00\x00\x00\x00\x00\x00\x00\x00\x00'
577,,M062\Pleiades\MM_M062_E2272_Hit.uasset.json,319,7229,7229,62,b'LV_m062_EventHit_P\x00\x00\x00\x00\x00\x00\x00\x00\x00\x00\x00\x00\x00\x00'
578,,M062\Pleiades\MM_M062_E2289_Hit.uasset.json,324,7230,7230,62,b'LV_m062_EventHit_P\x00\x00\x00\x00\x00\x00\x00\x00\x00\x00\x00\x00\x00\x00'
579,,M087\MM_M087_E2450_Direct.uasset.json,463,7231,7231,87,b'LV_m087_01_EventHit_P\x00\x00\x00\x00\x00\x00\x00\x00\x00\x00\x00'
580,,M064\MM_M064_E2511.uasset.json,359,390,390,64,b'LV_m064_EventHit\x00\x00\x00\x00\x00\x00\x00\x00\x00\x00\x00\x00\x00\x00\x00\x00'
581,,M064\MM_M064_E2516.uasset.json,466,7233,7233,64,b'LV_m064_EventHit\x00\x00\x00\x00\x00\x00\x00\x00\x00\x00\x00\x00\x00\x00\x00\x00'
582,,M085\MM_M085_E2575_Direct.uasset.json,362,7234,7234,85,b'LV_m085_01_EventHit_P\x00\x00\x00\x00\x00\x00\x00\x00\x00\x00\x00'
583,,M064\MM_M064_E2638.uasset.json,369,7235,7235,64,b'LV_m064_EventHit\x00\x00\x00\x00\x00\x00\x00\x00\x00\x00\x00\x00\x00\x00\x00\x00'
584,,M064\MM_M064_E2702_Direct.uasset.json,376,7236,7236,64,b'LV_m064_EventHit\x00\x00\x00\x00\x00\x00\x00\x00\x00\x00\x00\x00\x00\x00\x00\x00'
585,,M064\MM_M064_E2709.uasset.json,481,7237,7237,64,b'LV_m064_EventHit\x00\x00\x00\x00\x00\x00\x00\x00\x00\x00\x00\x00\x00\x00\x00\x00'
586,,M038\MM_M038_E2912.uasset.json,393,7238,7238,38,b'LV_m038_1F_EventHit\x00\x00\x00\x00\x00\x00\x00\x00\x00\x00\x00\x00\x00'
587,,M038\MM_M038_E2915.uasset.json,7238,7239,7239,38,b'LV_m038_2F_EventHit\x00\x00\x00\x00\x00\x00\x00\x00\x00\x00\x00\x00\x00'
588,,M038\MM_M038_E2917.uasset.json,7239,7240,7240,38,b'LV_m038_3F_EventHit\x00\x00\x00\x00\x00\x00\x00\x00\x00\x00\x00\x00\x00'
589,,M035\MM_M035_E3220.uasset.json,417,7241,7241,35,b'LV_m035_3F_EventHit\x00\x00\x00\x00\x00\x00\x00\x00\x00\x00\x00\x00\x00'
590,,,392,7232,7232,64,b'LV_m064_EventHit\x00\x00\x00\x00\x00\x00\x00\x00\x00\x00\x00\x00\x00\x00\x00\x00'
591,MM_M061_E2006_Hit2,,1148,7261,7261,61,b'LV_MainMission_M061\x00\x00\x00\x00\x00\x00\x00\x00\x00\x00\x00\x00\x00'
592,,MM_M061_E2006_Hit.uasset.json,227,7262,7262,61,b'LV_MainMission_M061_P\x00\x00\x00\x00\x00\x00\x00\x00\x00\x00\x00'
593,,M115\MM_M115_E2049_Direct.uasset.json,263,7263,7263,115,b'LV_m115_01_EventHit_P\x00\x00\x00\x00\x00\x00\x00\x00\x00\x00\x00'
594,,M091\MM_M091_E0368.uasset.json,33,34,0,91,b'0\x00\x00\x00\x00\x00\x00\x00\x00\x00\x00\x00\x00\x00\x00\x00\x00\x00\x00\x00\x00\x00\x00\x00\x00\x00\x00\x00\x00\x00\x00\x00'
595,,M038\MM_M038_E2920_Hit.uasset.json,393,394,0,38,b'LV_m038_4F_EventHit\x00\x00\x00\x00\x00\x00\x00\x00\x00\x00\x00\x00\x00'
596,,M064\MM_M064_E2708.uasset.json,481,7294,7294,64,b'LV_m064_EventHit\x00\x00\x00\x00\x00\x00\x00\x00\x00\x00\x00\x00\x00\x00\x00\x00'
597,,M035\MM_M035_E0830.uasset.json,149,106,0,35,b'LV_m035_4F_EventHit\x00\x00\x00\x00\x00\x00\x00\x00\x00\x00\x00\x00\x00'
598,MM_M035_E3250,,415,418,0,35,b'LV_m035_4F_EventHit\x00\x00\x00\x00\x00\x00\x00\x00\x00\x00\x00\x00\x00'
599,,,0,0,0,0,b'0\x00\x00\x00\x00\x00\x00\x00\x00\x00\x00\x00\x00\x00\x00\x00\x00\x00\x00\x00\x00\x00\x00\x00\x00\x00\x00\x00\x00\x00\x00\x00'
600,,,0,0,0,0,b'0\x00\x00\x00\x00\x00\x00\x00\x00\x00\x00\x00\x00\x00\x00\x00\x00\x00\x00\x00\x00\x00\x00\x00\x00\x00\x00\x00\x00\x00\x00\x00'
601,,,0,0,0,0,b'0\x00\x00\x00\x00\x00\x00\x00\x00\x00\x00\x00\x00\x00\x00\x00\x00\x00\x00\x00\x00\x00\x00\x00\x00\x00\x00\x00\x00\x00\x00\x00'
602,,,0,0,0,0,b'0\x00\x00\x00\x00\x00\x00\x00\x00\x00\x00\x00\x00\x00\x00\x00\x00\x00\x00\x00\x00\x00\x00\x00\x00\x00\x00\x00\x00\x00\x00\x00'
603,,,0,0,0,0,b'0\x00\x00\x00\x00\x00\x00\x00\x00\x00\x00\x00\x00\x00\x00\x00\x00\x00\x00\x00\x00\x00\x00\x00\x00\x00\x00\x00\x00\x00\x00\x00'
604,,,0,0,0,0,b'0\x00\x00\x00\x00\x00\x00\x00\x00\x00\x00\x00\x00\x00\x00\x00\x00\x00\x00\x00\x00\x00\x00\x00\x00\x00\x00\x00\x00\x00\x00\x00'
605,,,0,0,0,0,b'0\x00\x00\x00\x00\x00\x00\x00\x00\x00\x00\x00\x00\x00\x00\x00\x00\x00\x00\x00\x00\x00\x00\x00\x00\x00\x00\x00\x00\x00\x00\x00'
606,,,0,0,0,0,b'0\x00\x00\x00\x00\x00\x00\x00\x00\x00\x00\x00\x00\x00\x00\x00\x00\x00\x00\x00\x00\x00\x00\x00\x00\x00\x00\x00\x00\x00\x00\x00'
607,,,0,0,0,0,b'0\x00\x00\x00\x00\x00\x00\x00\x00\x00\x00\x00\x00\x00\x00\x00\x00\x00\x00\x00\x00\x00\x00\x00\x00\x00\x00\x00\x00\x00\x00\x00'
608,,,0,0,0,0,b'0\x00\x00\x00\x00\x00\x00\x00\x00\x00\x00\x00\x00\x00\x00\x00\x00\x00\x00\x00\x00\x00\x00\x00\x00\x00\x00\x00\x00\x00\x00\x00'
609,,,0,0,0,0,b'0\x00\x00\x00\x00\x00\x00\x00\x00\x00\x00\x00\x00\x00\x00\x00\x00\x00\x00\x00\x00\x00\x00\x00\x00\x00\x00\x00\x00\x00\x00\x00'
610,,,0,0,0,0,b'0\x00\x00\x00\x00\x00\x00\x00\x00\x00\x00\x00\x00\x00\x00\x00\x00\x00\x00\x00\x00\x00\x00\x00\x00\x00\x00\x00\x00\x00\x00\x00'
611,,,0,0,0,0,b'0\x00\x00\x00\x00\x00\x00\x00\x00\x00\x00\x00\x00\x00\x00\x00\x00\x00\x00\x00\x00\x00\x00\x00\x00\x00\x00\x00\x00\x00\x00\x00'
612,,,0,0,0,0,b'0\x00\x00\x00\x00\x00\x00\x00\x00\x00\x00\x00\x00\x00\x00\x00\x00\x00\x00\x00\x00\x00\x00\x00\x00\x00\x00\x00\x00\x00\x00\x00'
613,,,0,0,0,0,b'0\x00\x00\x00\x00\x00\x00\x00\x00\x00\x00\x00\x00\x00\x00\x00\x00\x00\x00\x00\x00\x00\x00\x00\x00\x00\x00\x00\x00\x00\x00\x00'
614,,,0,0,0,0,b'0\x00\x00\x00\x00\x00\x00\x00\x00\x00\x00\x00\x00\x00\x00\x00\x00\x00\x00\x00\x00\x00\x00\x00\x00\x00\x00\x00\x00\x00\x00\x00'
615,,,0,0,0,0,b'0\x00\x00\x00\x00\x00\x00\x00\x00\x00\x00\x00\x00\x00\x00\x00\x00\x00\x00\x00\x00\x00\x00\x00\x00\x00\x00\x00\x00\x00\x00\x00'
616,,,0,0,0,0,b'0\x00\x00\x00\x00\x00\x00\x00\x00\x00\x00\x00\x00\x00\x00\x00\x00\x00\x00\x00\x00\x00\x00\x00\x00\x00\x00\x00\x00\x00\x00\x00'
617,,,0,0,0,0,b'0\x00\x00\x00\x00\x00\x00\x00\x00\x00\x00\x00\x00\x00\x00\x00\x00\x00\x00\x00\x00\x00\x00\x00\x00\x00\x00\x00\x00\x00\x00\x00'
618,,,0,0,0,0,b'0\x00\x00\x00\x00\x00\x00\x00\x00\x00\x00\x00\x00\x00\x00\x00\x00\x00\x00\x00\x00\x00\x00\x00\x00\x00\x00\x00\x00\x00\x00\x00'
619,,,0,0,0,0,b'0\x00\x00\x00\x00\x00\x00\x00\x00\x00\x00\x00\x00\x00\x00\x00\x00\x00\x00\x00\x00\x00\x00\x00\x00\x00\x00\x00\x00\x00\x00\x00'
620,,,0,0,0,0,b'0\x00\x00\x00\x00\x00\x00\x00\x00\x00\x00\x00\x00\x00\x00\x00\x00\x00\x00\x00\x00\x00\x00\x00\x00\x00\x00\x00\x00\x00\x00\x00'
621,,,0,0,0,0,b'0\x00\x00\x00\x00\x00\x00\x00\x00\x00\x00\x00\x00\x00\x00\x00\x00\x00\x00\x00\x00\x00\x00\x00\x00\x00\x00\x00\x00\x00\x00\x00'
622,,,0,0,0,0,b'0\x00\x00\x00\x00\x00\x00\x00\x00\x00\x00\x00\x00\x00\x00\x00\x00\x00\x00\x00\x00\x00\x00\x00\x00\x00\x00\x00\x00\x00\x00\x00'
623,,,0,0,0,0,b'0\x00\x00\x00\x00\x00\x00\x00\x00\x00\x00\x00\x00\x00\x00\x00\x00\x00\x00\x00\x00\x00\x00\x00\x00\x00\x00\x00\x00\x00\x00\x00'
624,,,0,0,0,0,b'0\x00\x00\x00\x00\x00\x00\x00\x00\x00\x00\x00\x00\x00\x00\x00\x00\x00\x00\x00\x00\x00\x00\x00\x00\x00\x00\x00\x00\x00\x00\x00'
625,,,0,0,0,0,b'0\x00\x00\x00\x00\x00\x00\x00\x00\x00\x00\x00\x00\x00\x00\x00\x00\x00\x00\x00\x00\x00\x00\x00\x00\x00\x00\x00\x00\x00\x00\x00'
626,,,0,0,0,0,b'0\x00\x00\x00\x00\x00\x00\x00\x00\x00\x00\x00\x00\x00\x00\x00\x00\x00\x00\x00\x00\x00\x00\x00\x00\x00\x00\x00\x00\x00\x00\x00'
627,,,0,0,0,0,b'0\x00\x00\x00\x00\x00\x00\x00\x00\x00\x00\x00\x00\x00\x00\x00\x00\x00\x00\x00\x00\x00\x00\x00\x00\x00\x00\x00\x00\x00\x00\x00'
628,,,0,0,0,0,b'0\x00\x00\x00\x00\x00\x00\x00\x00\x00\x00\x00\x00\x00\x00\x00\x00\x00\x00\x00\x00\x00\x00\x00\x00\x00\x00\x00\x00\x00\x00\x00'
629,,,0,0,0,0,b'0\x00\x00\x00\x00\x00\x00\x00\x00\x00\x00\x00\x00\x00\x00\x00\x00\x00\x00\x00\x00\x00\x00\x00\x00\x00\x00\x00\x00\x00\x00\x00'
630,,,0,0,0,0,b'0\x00\x00\x00\x00\x00\x00\x00\x00\x00\x00\x00\x00\x00\x00\x00\x00\x00\x00\x00\x00\x00\x00\x00\x00\x00\x00\x00\x00\x00\x00\x00'
631,,,0,0,0,0,b'0\x00\x00\x00\x00\x00\x00\x00\x00\x00\x00\x00\x00\x00\x00\x00\x00\x00\x00\x00\x00\x00\x00\x00\x00\x00\x00\x00\x00\x00\x00\x00'
632,,,0,0,0,0,b'0\x00\x00\x00\x00\x00\x00\x00\x00\x00\x00\x00\x00\x00\x00\x00\x00\x00\x00\x00\x00\x00\x00\x00\x00\x00\x00\x00\x00\x00\x00\x00'
633,,,0,0,0,0,b'0\x00\x00\x00\x00\x00\x00\x00\x00\x00\x00\x00\x00\x00\x00\x00\x00\x00\x00\x00\x00\x00\x00\x00\x00\x00\x00\x00\x00\x00\x00\x00'
634,,,0,0,0,0,b'0\x00\x00\x00\x00\x00\x00\x00\x00\x00\x00\x00\x00\x00\x00\x00\x00\x00\x00\x00\x00\x00\x00\x00\x00\x00\x00\x00\x00\x00\x00\x00'
635,,,0,0,0,0,b'0\x00\x00\x00\x00\x00\x00\x00\x00\x00\x00\x00\x00\x00\x00\x00\x00\x00\x00\x00\x00\x00\x00\x00\x00\x00\x00\x00\x00\x00\x00\x00'
636,,,0,0,0,0,b'0\x00\x00\x00\x00\x00\x00\x00\x00\x00\x00\x00\x00\x00\x00\x00\x00\x00\x00\x00\x00\x00\x00\x00\x00\x00\x00\x00\x00\x00\x00\x00'
637,,,0,0,0,0,b'0\x00\x00\x00\x00\x00\x00\x00\x00\x00\x00\x00\x00\x00\x00\x00\x00\x00\x00\x00\x00\x00\x00\x00\x00\x00\x00\x00\x00\x00\x00\x00'
638,,,0,0,0,0,b'0\x00\x00\x00\x00\x00\x00\x00\x00\x00\x00\x00\x00\x00\x00\x00\x00\x00\x00\x00\x00\x00\x00\x00\x00\x00\x00\x00\x00\x00\x00\x00'
639,,,0,0,0,0,b'0\x00\x00\x00\x00\x00\x00\x00\x00\x00\x00\x00\x00\x00\x00\x00\x00\x00\x00\x00\x00\x00\x00\x00\x00\x00\x00\x00\x00\x00\x00\x00'
640,,,0,0,0,0,b'0\x00\x00\x00\x00\x00\x00\x00\x00\x00\x00\x00\x00\x00\x00\x00\x00\x00\x00\x00\x00\x00\x00\x00\x00\x00\x00\x00\x00\x00\x00\x00'
641,,,0,0,0,0,b'0\x00\x00\x00\x00\x00\x00\x00\x00\x00\x00\x00\x00\x00\x00\x00\x00\x00\x00\x00\x00\x00\x00\x00\x00\x00\x00\x00\x00\x00\x00\x00'
642,,,0,0,0,0,b'0\x00\x00\x00\x00\x00\x00\x00\x00\x00\x00\x00\x00\x00\x00\x00\x00\x00\x00\x00\x00\x00\x00\x00\x00\x00\x00\x00\x00\x00\x00\x00'
643,,,0,0,0,0,b'0\x00\x00\x00\x00\x00\x00\x00\x00\x00\x00\x00\x00\x00\x00\x00\x00\x00\x00\x00\x00\x00\x00\x00\x00\x00\x00\x00\x00\x00\x00\x00'
644,,,0,0,0,0,b'0\x00\x00\x00\x00\x00\x00\x00\x00\x00\x00\x00\x00\x00\x00\x00\x00\x00\x00\x00\x00\x00\x00\x00\x00\x00\x00\x00\x00\x00\x00\x00'
645,,,0,0,0,0,b'0\x00\x00\x00\x00\x00\x00\x00\x00\x00\x00\x00\x00\x00\x00\x00\x00\x00\x00\x00\x00\x00\x00\x00\x00\x00\x00\x00\x00\x00\x00\x00'
646,,,0,0,0,0,b'0\x00\x00\x00\x00\x00\x00\x00\x00\x00\x00\x00\x00\x00\x00\x00\x00\x00\x00\x00\x00\x00\x00\x00\x00\x00\x00\x00\x00\x00\x00\x00'
647,,,0,0,0,0,b'0\x00\x00\x00\x00\x00\x00\x00\x00\x00\x00\x00\x00\x00\x00\x00\x00\x00\x00\x00\x00\x00\x00\x00\x00\x00\x00\x00\x00\x00\x00\x00'
648,,,0,0,0,0,b'0\x00\x00\x00\x00\x00\x00\x00\x00\x00\x00\x00\x00\x00\x00\x00\x00\x00\x00\x00\x00\x00\x00\x00\x00\x00\x00\x00\x00\x00\x00\x00'
649,,,0,0,0,0,b'0\x00\x00\x00\x00\x00\x00\x00\x00\x00\x00\x00\x00\x00\x00\x00\x00\x00\x00\x00\x00\x00\x00\x00\x00\x00\x00\x00\x00\x00\x00\x00'
650,,,0,0,0,0,b'0\x00\x00\x00\x00\x00\x00\x00\x00\x00\x00\x00\x00\x00\x00\x00\x00\x00\x00\x00\x00\x00\x00\x00\x00\x00\x00\x00\x00\x00\x00\x00'
651,,,0,0,0,0,b'0\x00\x00\x00\x00\x00\x00\x00\x00\x00\x00\x00\x00\x00\x00\x00\x00\x00\x00\x00\x00\x00\x00\x00\x00\x00\x00\x00\x00\x00\x00\x00'
652,,,0,0,0,0,b'0\x00\x00\x00\x00\x00\x00\x00\x00\x00\x00\x00\x00\x00\x00\x00\x00\x00\x00\x00\x00\x00\x00\x00\x00\x00\x00\x00\x00\x00\x00\x00'
653,,,0,0,0,0,b'0\x00\x00\x00\x00\x00\x00\x00\x00\x00\x00\x00\x00\x00\x00\x00\x00\x00\x00\x00\x00\x00\x00\x00\x00\x00\x00\x00\x00\x00\x00\x00'
654,,,0,0,0,0,b'0\x00\x00\x00\x00\x00\x00\x00\x00\x00\x00\x00\x00\x00\x00\x00\x00\x00\x00\x00\x00\x00\x00\x00\x00\x00\x00\x00\x00\x00\x00\x00'
655,,,0,0,0,0,b'0\x00\x00\x00\x00\x00\x00\x00\x00\x00\x00\x00\x00\x00\x00\x00\x00\x00\x00\x00\x00\x00\x00\x00\x00\x00\x00\x00\x00\x00\x00\x00'
656,,,0,0,0,0,b'0\x00\x00\x00\x00\x00\x00\x00\x00\x00\x00\x00\x00\x00\x00\x00\x00\x00\x00\x00\x00\x00\x00\x00\x00\x00\x00\x00\x00\x00\x00\x00'
657,,,0,0,0,0,b'0\x00\x00\x00\x00\x00\x00\x00\x00\x00\x00\x00\x00\x00\x00\x00\x00\x00\x00\x00\x00\x00\x00\x00\x00\x00\x00\x00\x00\x00\x00\x00'
658,,,0,0,0,0,b'0\x00\x00\x00\x00\x00\x00\x00\x00\x00\x00\x00\x00\x00\x00\x00\x00\x00\x00\x00\x00\x00\x00\x00\x00\x00\x00\x00\x00\x00\x00\x00'
659,,,0,0,0,0,b'0\x00\x00\x00\x00\x00\x00\x00\x00\x00\x00\x00\x00\x00\x00\x00\x00\x00\x00\x00\x00\x00\x00\x00\x00\x00\x00\x00\x00\x00\x00\x00'
660,,,0,0,0,0,b'0\x00\x00\x00\x00\x00\x00\x00\x00\x00\x00\x00\x00\x00\x00\x00\x00\x00\x00\x00\x00\x00\x00\x00\x00\x00\x00\x00\x00\x00\x00\x00'
661,,,0,0,0,0,b'0\x00\x00\x00\x00\x00\x00\x00\x00\x00\x00\x00\x00\x00\x00\x00\x00\x00\x00\x00\x00\x00\x00\x00\x00\x00\x00\x00\x00\x00\x00\x00'
662,,,0,0,0,0,b'0\x00\x00\x00\x00\x00\x00\x00\x00\x00\x00\x00\x00\x00\x00\x00\x00\x00\x00\x00\x00\x00\x00\x00\x00\x00\x00\x00\x00\x00\x00\x00'
663,,,0,0,0,0,b'0\x00\x00\x00\x00\x00\x00\x00\x00\x00\x00\x00\x00\x00\x00\x00\x00\x00\x00\x00\x00\x00\x00\x00\x00\x00\x00\x00\x00\x00\x00\x00'
664,,,0,0,0,0,b'0\x00\x00\x00\x00\x00\x00\x00\x00\x00\x00\x00\x00\x00\x00\x00\x00\x00\x00\x00\x00\x00\x00\x00\x00\x00\x00\x00\x00\x00\x00\x00'
665,,,0,0,0,0,b'0\x00\x00\x00\x00\x00\x00\x00\x00\x00\x00\x00\x00\x00\x00\x00\x00\x00\x00\x00\x00\x00\x00\x00\x00\x00\x00\x00\x00\x00\x00\x00'
666,,,0,0,0,0,b'0\x00\x00\x00\x00\x00\x00\x00\x00\x00\x00\x00\x00\x00\x00\x00\x00\x00\x00\x00\x00\x00\x00\x00\x00\x00\x00\x00\x00\x00\x00\x00'
667,,,0,0,0,0,b'0\x00\x00\x00\x00\x00\x00\x00\x00\x00\x00\x00\x00\x00\x00\x00\x00\x00\x00\x00\x00\x00\x00\x00\x00\x00\x00\x00\x00\x00\x00\x00'
668,,,0,0,0,0,b'0\x00\x00\x00\x00\x00\x00\x00\x00\x00\x00\x00\x00\x00\x00\x00\x00\x00\x00\x00\x00\x00\x00\x00\x00\x00\x00\x00\x00\x00\x00\x00'
669,,,0,0,0,0,b'0\x00\x00\x00\x00\x00\x00\x00\x00\x00\x00\x00\x00\x00\x00\x00\x00\x00\x00\x00\x00\x00\x00\x00\x00\x00\x00\x00\x00\x00\x00\x00'
670,,,0,0,0,0,b'0\x00\x00\x00\x00\x00\x00\x00\x00\x00\x00\x00\x00\x00\x00\x00\x00\x00\x00\x00\x00\x00\x00\x00\x00\x00\x00\x00\x00\x00\x00\x00'
671,,,0,0,0,0,b'0\x00\x00\x00\x00\x00\x00\x00\x00\x00\x00\x00\x00\x00\x00\x00\x00\x00\x00\x00\x00\x00\x00\x00\x00\x00\x00\x00\x00\x00\x00\x00'
672,,,0,0,0,0,b'0\x00\x00\x00\x00\x00\x00\x00\x00\x00\x00\x00\x00\x00\x00\x00\x00\x00\x00\x00\x00\x00\x00\x00\x00\x00\x00\x00\x00\x00\x00\x00'
673,,,0,0,0,0,b'0\x00\x00\x00\x00\x00\x00\x00\x00\x00\x00\x00\x00\x00\x00\x00\x00\x00\x00\x00\x00\x00\x00\x00\x00\x00\x00\x00\x00\x00\x00\x00'
674,,,0,0,0,0,b'0\x00\x00\x00\x00\x00\x00\x00\x00\x00\x00\x00\x00\x00\x00\x00\x00\x00\x00\x00\x00\x00\x00\x00\x00\x00\x00\x00\x00\x00\x00\x00'
675,,,0,0,0,0,b'0\x00\x00\x00\x00\x00\x00\x00\x00\x00\x00\x00\x00\x00\x00\x00\x00\x00\x00\x00\x00\x00\x00\x00\x00\x00\x00\x00\x00\x00\x00\x00'
676,,,0,0,0,0,b'0\x00\x00\x00\x00\x00\x00\x00\x00\x00\x00\x00\x00\x00\x00\x00\x00\x00\x00\x00\x00\x00\x00\x00\x00\x00\x00\x00\x00\x00\x00\x00'
677,,,0,0,0,0,b'0\x00\x00\x00\x00\x00\x00\x00\x00\x00\x00\x00\x00\x00\x00\x00\x00\x00\x00\x00\x00\x00\x00\x00\x00\x00\x00\x00\x00\x00\x00\x00'
678,,,0,0,0,0,b'0\x00\x00\x00\x00\x00\x00\x00\x00\x00\x00\x00\x00\x00\x00\x00\x00\x00\x00\x00\x00\x00\x00\x00\x00\x00\x00\x00\x00\x00\x00\x00'
679,,,0,0,0,0,b'0\x00\x00\x00\x00\x00\x00\x00\x00\x00\x00\x00\x00\x00\x00\x00\x00\x00\x00\x00\x00\x00\x00\x00\x00\x00\x00\x00\x00\x00\x00\x00'
680,,,0,0,0,0,b'0\x00\x00\x00\x00\x00\x00\x00\x00\x00\x00\x00\x00\x00\x00\x00\x00\x00\x00\x00\x00\x00\x00\x00\x00\x00\x00\x00\x00\x00\x00\x00'
681,,,0,0,0,0,b'0\x00\x00\x00\x00\x00\x00\x00\x00\x00\x00\x00\x00\x00\x00\x00\x00\x00\x00\x00\x00\x00\x00\x00\x00\x00\x00\x00\x00\x00\x00\x00'
682,,,0,0,0,0,b'0\x00\x00\x00\x00\x00\x00\x00\x00\x00\x00\x00\x00\x00\x00\x00\x00\x00\x00\x00\x00\x00\x00\x00\x00\x00\x00\x00\x00\x00\x00\x00'
683,,,0,0,0,0,b'0\x00\x00\x00\x00\x00\x00\x00\x00\x00\x00\x00\x00\x00\x00\x00\x00\x00\x00\x00\x00\x00\x00\x00\x00\x00\x00\x00\x00\x00\x00\x00'
684,,,0,0,0,0,b'0\x00\x00\x00\x00\x00\x00\x00\x00\x00\x00\x00\x00\x00\x00\x00\x00\x00\x00\x00\x00\x00\x00\x00\x00\x00\x00\x00\x00\x00\x00\x00'
685,,,0,0,0,0,b'0\x00\x00\x00\x00\x00\x00\x00\x00\x00\x00\x00\x00\x00\x00\x00\x00\x00\x00\x00\x00\x00\x00\x00\x00\x00\x00\x00\x00\x00\x00\x00'
686,,,0,0,0,0,b'0\x00\x00\x00\x00\x00\x00\x00\x00\x00\x00\x00\x00\x00\x00\x00\x00\x00\x00\x00\x00\x00\x00\x00\x00\x00\x00\x00\x00\x00\x00\x00'
687,,,0,0,0,0,b'0\x00\x00\x00\x00\x00\x00\x00\x00\x00\x00\x00\x00\x00\x00\x00\x00\x00\x00\x00\x00\x00\x00\x00\x00\x00\x00\x00\x00\x00\x00\x00'
688,,,0,0,0,0,b'0\x00\x00\x00\x00\x00\x00\x00\x00\x00\x00\x00\x00\x00\x00\x00\x00\x00\x00\x00\x00\x00\x00\x00\x00\x00\x00\x00\x00\x00\x00\x00'
689,,,0,0,0,0,b'0\x00\x00\x00\x00\x00\x00\x00\x00\x00\x00\x00\x00\x00\x00\x00\x00\x00\x00\x00\x00\x00\x00\x00\x00\x00\x00\x00\x00\x00\x00\x00'
690,,,0,0,0,0,b'0\x00\x00\x00\x00\x00\x00\x00\x00\x00\x00\x00\x00\x00\x00\x00\x00\x00\x00\x00\x00\x00\x00\x00\x00\x00\x00\x00\x00\x00\x00\x00'
691,,,0,0,0,0,b'0\x00\x00\x00\x00\x00\x00\x00\x00\x00\x00\x00\x00\x00\x00\x00\x00\x00\x00\x00\x00\x00\x00\x00\x00\x00\x00\x00\x00\x00\x00\x00'
692,,,0,0,0,0,b'0\x00\x00\x00\x00\x00\x00\x00\x00\x00\x00\x00\x00\x00\x00\x00\x00\x00\x00\x00\x00\x00\x00\x00\x00\x00\x00\x00\x00\x00\x00\x00'
693,,,0,0,0,0,b'0\x00\x00\x00\x00\x00\x00\x00\x00\x00\x00\x00\x00\x00\x00\x00\x00\x00\x00\x00\x00\x00\x00\x00\x00\x00\x00\x00\x00\x00\x00\x00'
694,,,0,0,0,0,b'0\x00\x00\x00\x00\x00\x00\x00\x00\x00\x00\x00\x00\x00\x00\x00\x00\x00\x00\x00\x00\x00\x00\x00\x00\x00\x00\x00\x00\x00\x00\x00'
695,,,0,0,0,0,b'0\x00\x00\x00\x00\x00\x00\x00\x00\x00\x00\x00\x00\x00\x00\x00\x00\x00\x00\x00\x00\x00\x00\x00\x00\x00\x00\x00\x00\x00\x00\x00'
696,,,0,0,0,0,b'0\x00\x00\x00\x00\x00\x00\x00\x00\x00\x00\x00\x00\x00\x00\x00\x00\x00\x00\x00\x00\x00\x00\x00\x00\x00\x00\x00\x00\x00\x00\x00'
697,,,0,0,0,0,b'0\x00\x00\x00\x00\x00\x00\x00\x00\x00\x00\x00\x00\x00\x00\x00\x00\x00\x00\x00\x00\x00\x00\x00\x00\x00\x00\x00\x00\x00\x00\x00'
698,,,0,0,0,0,b'0\x00\x00\x00\x00\x00\x00\x00\x00\x00\x00\x00\x00\x00\x00\x00\x00\x00\x00\x00\x00\x00\x00\x00\x00\x00\x00\x00\x00\x00\x00\x00'
699,,,0,0,0,0,b'0\x00\x00\x00\x00\x00\x00\x00\x00\x00\x00\x00\x00\x00\x00\x00\x00\x00\x00\x00\x00\x00\x00\x00\x00\x00\x00\x00\x00\x00\x00\x00'
700,,,0,0,0,0,b'0\x00\x00\x00\x00\x00\x00\x00\x00\x00\x00\x00\x00\x00\x00\x00\x00\x00\x00\x00\x00\x00\x00\x00\x00\x00\x00\x00\x00\x00\x00\x00'
