offset,ind,activationFlag,compFlag1,compFlag2,mapID,levelUMap
69,0,0,0,0,0,b'LV_EventSample\x00\x00\x00\x00\x00\x00\x00\x00\x00\x00\x00\x00\x00\x00\x00\x00\x00\x00'
217,300,0,197,197,202,b'LV_E2000\x00\x00\x00\x00\x00\x00\x00\x00\x00\x00\x00\x00\x00\x00\x00\x00\x00\x00\x00\x00\x00\x00\x00\x00'
365,88,0,0,0,83,b'LV_E0008\x00\x00\x00\x00\x00\x00\x00\x00\x00\x00\x00\x00\x00\x00\x00\x00\x00\x00\x00\x00\x00\x00\x00\x00'
513,89,0,0,0,82,b'LV_E0009\x00\x00\x00\x00\x00\x00\x00\x00\x00\x00\x00\x00\x00\x00\x00\x00\x00\x00\x00\x00\x00\x00\x00\x00'
661,22,0,138,138,99,b'LV_E0170\x00\x00\x00\x00\x00\x00\x00\x00\x00\x00\x00\x00\x00\x00\x00\x00\x00\x00\x00\x00\x00\x00\x00\x00'
809,170,138,139,139,82,b'LV_m082_01_EventHit_E0171\x00\x00\x00\x00\x00\x00\x00'
957,242,0,133,133,82,b'LV_m082_01_EventHit_E0171\x00\x00\x00\x00\x00\x00\x00'
1105,243,0,134,134,82,b'LV_m082_01_EventHit_E0171\x00\x00\x00\x00\x00\x00\x00'
1253,244,0,135,135,82,b'LV_m082_01_EventHit_E0171\x00\x00\x00\x00\x00\x00\x00'
1401,173,137,159,159,82,b'LV_m082_01_EventHit_E0171\x00\x00\x00\x00\x00\x00\x00'
1549,245,0,136,136,82,b'LV_m082_01_EventHit_E0171\x00\x00\x00\x00\x00\x00\x00'
1697,23,136,1,1,82,b'LV_E0185\x00\x00\x00\x00\x00\x00\x00\x00\x00\x00\x00\x00\x00\x00\x00\x00\x00\x00\x00\x00\x00\x00\x00\x00'
1845,233,1,160,160,50,b'LV_TokyoEventHit\x00\x00\x00\x00\x00\x00\x00\x00\x00\x00\x00\x00\x00\x00\x00\x00'
1993,24,1,2,2,83,b'LV_E0190\x00\x00\x00\x00\x00\x00\x00\x00\x00\x00\x00\x00\x00\x00\x00\x00\x00\x00\x00\x00\x00\x00\x00\x00'
2141,86,2,161,161,83,b'LV_m083_01_EventHit\x00\x00\x00\x00\x00\x00\x00\x00\x00\x00\x00\x00\x00'
2289,189,161,5,162,83,b'LV_m083_01_EventHit\x00\x00\x00\x00\x00\x00\x00\x00\x00\x00\x00\x00\x00'
2437,87,162,4,4,83,b'LV_m083_01_EventHit\x00\x00\x00\x00\x00\x00\x00\x00\x00\x00\x00\x00\x00'
2585,25,4,5,5,81,b'LV_E0215\x00\x00\x00\x00\x00\x00\x00\x00\x00\x00\x00\x00\x00\x00\x00\x00\x00\x00\x00\x00\x00\x00\x00\x00'
2733,26,0,0,0,61,b'LV_E0225\x00\x00\x00\x00\x00\x00\x00\x00\x00\x00\x00\x00\x00\x00\x00\x00\x00\x00\x00\x00\x00\x00\x00\x00'
2881,31,5,1454,1454,61,b'LV_MainMission_M061\x00\x00\x00\x00\x00\x00\x00\x00\x00\x00\x00\x00\x00'
3029,28,5,6,6,61,b'LV_E0235\x00\x00\x00\x00\x00\x00\x00\x00\x00\x00\x00\x00\x00\x00\x00\x00\x00\x00\x00\x00\x00\x00\x00\x00'
3177,30,0,649,649,61,b'LV_E0241\x00\x00\x00\x00\x00\x00\x00\x00\x00\x00\x00\x00\x00\x00\x00\x00\x00\x00\x00\x00\x00\x00\x00\x00'
3325,32,6,7,7,61,b'LV_m061_EventHit\x00\x00\x00\x00\x00\x00\x00\x00\x00\x00\x00\x00\x00\x00\x00\x00'
3473,235,7,1155,1155,61,b'LV_MainMission_M061\x00\x00\x00\x00\x00\x00\x00\x00\x00\x00\x00\x00\x00'
3621,236,1155,1156,1156,61,b'LV_MainMission_M061\x00\x00\x00\x00\x00\x00\x00\x00\x00\x00\x00\x00\x00'
3769,237,1156,1157,1157,61,b'LV_MainMission_M061\x00\x00\x00\x00\x00\x00\x00\x00\x00\x00\x00\x00\x00'
3917,238,1157,1158,1158,61,b'LV_MainMission_M061\x00\x00\x00\x00\x00\x00\x00\x00\x00\x00\x00\x00\x00'
4065,27,1158,1289,1289,61,b'LV_MainMission_M061\x00\x00\x00\x00\x00\x00\x00\x00\x00\x00\x00\x00\x00'
4213,340,7,1089,1089,61,b'LV_MainMission_M061\x00\x00\x00\x00\x00\x00\x00\x00\x00\x00\x00\x00\x00'
4361,33,7,8,8,61,b'LV_m061_EventHit\x00\x00\x00\x00\x00\x00\x00\x00\x00\x00\x00\x00\x00\x00\x00\x00'
4509,158,8,155,155,61,b'LV_E0031M\x00\x00\x00\x00\x00\x00\x00\x00\x00\x00\x00\x00\x00\x00\x00\x00\x00\x00\x00\x00\x00\x00\x00'
4657,167,155,156,156,61,b'LV_m061_EventHit\x00\x00\x00\x00\x00\x00\x00\x00\x00\x00\x00\x00\x00\x00\x00\x00'
4805,230,7,1146,1146,61,b'LV_MainMission_M061\x00\x00\x00\x00\x00\x00\x00\x00\x00\x00\x00\x00\x00'
4953,36,7,1144,1144,61,b'LV_MainMission_M061\x00\x00\x00\x00\x00\x00\x00\x00\x00\x00\x00\x00\x00'
5101,232,1144,1148,1148,61,b'LV_MainMission_M061\x00\x00\x00\x00\x00\x00\x00\x00\x00\x00\x00\x00\x00'
5249,562,1148,7680,7680,61,b'LV_MainMission_M061\x00\x00\x00\x00\x00\x00\x00\x00\x00\x00\x00\x00\x00'
5397,338,1089,1093,1093,61,b'LV_MainMission_M061\x00\x00\x00\x00\x00\x00\x00\x00\x00\x00\x00\x00\x00'
5545,204,1148,1577,0,61,b'LV_E0180\x00\x00\x00\x00\x00\x00\x00\x00\x00\x00\x00\x00\x00\x00\x00\x00\x00\x00\x00\x00\x00\x00\x00\x00'
5693,209,0,0,1577,61,b'LV_E0181\x00\x00\x00\x00\x00\x00\x00\x00\x00\x00\x00\x00\x00\x00\x00\x00\x00\x00\x00\x00\x00\x00\x00\x00'
5841,591,1148,7261,7261,61,b'LV_MainMission_M061\x00\x00\x00\x00\x00\x00\x00\x00\x00\x00\x00\x00\x00'
5989,231,1148,1149,1149,61,b'LV_MainMission_M061\x00\x00\x00\x00\x00\x00\x00\x00\x00\x00\x00\x00\x00'
6137,34,0,1153,1153,61,b'LV_E0251M\x00\x00\x00\x00\x00\x00\x00\x00\x00\x00\x00\x00\x00\x00\x00\x00\x00\x00\x00\x00\x00\x00\x00'
6285,35,1153,9,9,61,b'LV_m061_EventHit\x00\x00\x00\x00\x00\x00\x00\x00\x00\x00\x00\x00\x00\x00\x00\x00'
6433,234,8,1150,1150,61,b'LV_MainMission_M061\x00\x00\x00\x00\x00\x00\x00\x00\x00\x00\x00\x00\x00'
6581,192,1150,1571,1571,61,b'LV_MainMission_M061\x00\x00\x00\x00\x00\x00\x00\x00\x00\x00\x00\x00\x00'
6729,212,1577,1578,1578,61,b'LV_m061_EventHit\x00\x00\x00\x00\x00\x00\x00\x00\x00\x00\x00\x00\x00\x00\x00\x00'
6877,563,1578,7681,7681,61,b'LV_MainMission_M061\x00\x00\x00\x00\x00\x00\x00\x00\x00\x00\x00\x00\x00'
7025,38,8,10,10,61,b'LV_E0260\x00\x00\x00\x00\x00\x00\x00\x00\x00\x00\x00\x00\x00\x00\x00\x00\x00\x00\x00\x00\x00\x00\x00\x00'
7173,112,10,1092,1092,61,b'LV_MainMission_M061\x00\x00\x00\x00\x00\x00\x00\x00\x00\x00\x00\x00\x00'
7321,216,1578,1579,1579,61,b'LV_m061_EventHit\x00\x00\x00\x00\x00\x00\x00\x00\x00\x00\x00\x00\x00\x00\x00\x00'
7469,197,1579,1572,1572,61,b'LV_MainMission_M061\x00\x00\x00\x00\x00\x00\x00\x00\x00\x00\x00\x00\x00'
7617,564,1579,7683,7683,61,b'LV_MainMission_M061\x00\x00\x00\x00\x00\x00\x00\x00\x00\x00\x00\x00\x00'
7765,201,1572,1573,1573,61,b'LV_MainMission_M061\x00\x00\x00\x00\x00\x00\x00\x00\x00\x00\x00\x00\x00'
7913,239,1573,1219,1219,61,b'LV_m061_EventHit\x00\x00\x00\x00\x00\x00\x00\x00\x00\x00\x00\x00\x00\x00\x00\x00'
8061,39,1219,11,11,61,b'LV_E0261\x00\x00\x00\x00\x00\x00\x00\x00\x00\x00\x00\x00\x00\x00\x00\x00\x00\x00\x00\x00\x00\x00\x00\x00'
8209,40,11,12,12,61,b'LV_E0120M\x00\x00\x00\x00\x00\x00\x00\x00\x00\x00\x00\x00\x00\x00\x00\x00\x00\x00\x00\x00\x00\x00\x00'
8357,41,12,13,13,61,b'LV_m061_EventHit\x00\x00\x00\x00\x00\x00\x00\x00\x00\x00\x00\x00\x00\x00\x00\x00'
8505,42,0,0,0,61,b'LV_E0310\x00\x00\x00\x00\x00\x00\x00\x00\x00\x00\x00\x00\x00\x00\x00\x00\x00\x00\x00\x00\x00\x00\x00\x00'
8653,45,13,14,14,61,b'LV_m061_EventHit\x00\x00\x00\x00\x00\x00\x00\x00\x00\x00\x00\x00\x00\x00\x00\x00'
8801,46,13,15,15,61,b'LV_E0300\x00\x00\x00\x00\x00\x00\x00\x00\x00\x00\x00\x00\x00\x00\x00\x00\x00\x00\x00\x00\x00\x00\x00\x00'
8949,240,15,1221,1221,61,b'LV_m061_EventHit\x00\x00\x00\x00\x00\x00\x00\x00\x00\x00\x00\x00\x00\x00\x00\x00'
9097,241,1221,1222,1222,61,b'LV_m061_EventHit\x00\x00\x00\x00\x00\x00\x00\x00\x00\x00\x00\x00\x00\x00\x00\x00'
9245,339,1222,4100,4097,61,b'LV_m061_EventHit\x00\x00\x00\x00\x00\x00\x00\x00\x00\x00\x00\x00\x00\x00\x00\x00'
9393,341,4098,4654,4654,61,b'LV_m061_EventHit\x00\x00\x00\x00\x00\x00\x00\x00\x00\x00\x00\x00\x00\x00\x00\x00'
9541,342,4098,4099,4099,61,b'LV_m061_EventHit\x00\x00\x00\x00\x00\x00\x00\x00\x00\x00\x00\x00\x00\x00\x00\x00'
9689,49,4100,18,18,31,b'LV_E0330\x00\x00\x00\x00\x00\x00\x00\x00\x00\x00\x00\x00\x00\x00\x00\x00\x00\x00\x00\x00\x00\x00\x00\x00'
9837,51,0,0,0,31,b'LV_E0340\x00\x00\x00\x00\x00\x00\x00\x00\x00\x00\x00\x00\x00\x00\x00\x00\x00\x00\x00\x00\x00\x00\x00\x00'
9985,52,18,19,19,30,b'LV_E0345\x00\x00\x00\x00\x00\x00\x00\x00\x00\x00\x00\x00\x00\x00\x00\x00\x00\x00\x00\x00\x00\x00\x00\x00'
10133,111,19,1090,1090,30,b'LV_m030_EventHit\x00\x00\x00\x00\x00\x00\x00\x00\x00\x00\x00\x00\x00\x00\x00\x00'
10281,90,18,20,0,30,b'LV_E0347\x00\x00\x00\x00\x00\x00\x00\x00\x00\x00\x00\x00\x00\x00\x00\x00\x00\x00\x00\x00\x00\x00\x00\x00'
10429,53,0,0,20,85,b'LV_E0350\x00\x00\x00\x00\x00\x00\x00\x00\x00\x00\x00\x00\x00\x00\x00\x00\x00\x00\x00\x00\x00\x00\x00\x00'
10577,222,20,164,164,85,b'LV_m085_01_EventHit\x00\x00\x00\x00\x00\x00\x00\x00\x00\x00\x00\x00\x00'
10725,54,20,163,163,85,b'LV_E0360\x00\x00\x00\x00\x00\x00\x00\x00\x00\x00\x00\x00\x00\x00\x00\x00\x00\x00\x00\x00\x00\x00\x00\x00'
10873,72,163,24,23,85,b'LV_m085_02_EventHit\x00\x00\x00\x00\x00\x00\x00\x00\x00\x00\x00\x00\x00'
11021,73,163,24,22,85,b'LV_m085_02_EventHit\x00\x00\x00\x00\x00\x00\x00\x00\x00\x00\x00\x00\x00'
11169,74,163,24,21,85,b'LV_m085_02_EventHit\x00\x00\x00\x00\x00\x00\x00\x00\x00\x00\x00\x00\x00'
11317,55,21,24,24,85,b'LV_m085_02_EventHit\x00\x00\x00\x00\x00\x00\x00\x00\x00\x00\x00\x00\x00'
11465,67,24,25,25,82,b'LV_E0361\x00\x00\x00\x00\x00\x00\x00\x00\x00\x00\x00\x00\x00\x00\x00\x00\x00\x00\x00\x00\x00\x00\x00\x00'
11613,69,25,26,26,82,b'LV_E0362\x00\x00\x00\x00\x00\x00\x00\x00\x00\x00\x00\x00\x00\x00\x00\x00\x00\x00\x00\x00\x00\x00\x00\x00'
11761,575,25,28,7225,82,b'LV_m082_01_EventHit\x00\x00\x00\x00\x00\x00\x00\x00\x00\x00\x00\x00\x00'
11909,70,26,27,27,82,b'LV_m082_01_EventHit\x00\x00\x00\x00\x00\x00\x00\x00\x00\x00\x00\x00\x00'
12057,91,27,28,28,99,b'LV_E0364\x00\x00\x00\x00\x00\x00\x00\x00\x00\x00\x00\x00\x00\x00\x00\x00\x00\x00\x00\x00\x00\x00\x00\x00'
12205,95,28,30,30,82,b'LV_m082_01_EventHit\x00\x00\x00\x00\x00\x00\x00\x00\x00\x00\x00\x00\x00'
12353,71,30,29,29,82,b'LV_E0365\x00\x00\x00\x00\x00\x00\x00\x00\x00\x00\x00\x00\x00\x00\x00\x00\x00\x00\x00\x00\x00\x00\x00\x00'
12501,92,29,31,31,82,b'LV_m082_01_EventHit\x00\x00\x00\x00\x00\x00\x00\x00\x00\x00\x00\x00\x00'
12649,94,31,33,33,91,b'LV_E0369\x00\x00\x00\x00\x00\x00\x00\x00\x00\x00\x00\x00\x00\x00\x00\x00\x00\x00\x00\x00\x00\x00\x00\x00'
12797,594,33,34,0,91,b'0\x00\x00\x00\x00\x00\x00\x00\x00\x00\x00\x00\x00\x00\x00\x00\x00\x00\x00\x00\x00\x00\x00\x00\x00\x00\x00\x00\x00\x00\x00\x00'
12945,56,0,34,34,89,b'LV_E0060\x00\x00\x00\x00\x00\x00\x00\x00\x00\x00\x00\x00\x00\x00\x00\x00\x00\x00\x00\x00\x00\x00\x00\x00'
13093,57,0,35,35,82,b'LV_E0420\x00\x00\x00\x00\x00\x00\x00\x00\x00\x00\x00\x00\x00\x00\x00\x00\x00\x00\x00\x00\x00\x00\x00\x00'
13241,155,35,188,188,50,b'LV_TokyoEventHit\x00\x00\x00\x00\x00\x00\x00\x00\x00\x00\x00\x00\x00\x00\x00\x00'
13389,58,35,36,36,50,b'LV_TokyoEventHit\x00\x00\x00\x00\x00\x00\x00\x00\x00\x00\x00\x00\x00\x00\x00\x00'
13537,59,36,37,37,86,b'LV_E0430\x00\x00\x00\x00\x00\x00\x00\x00\x00\x00\x00\x00\x00\x00\x00\x00\x00\x00\x00\x00\x00\x00\x00\x00'
13685,60,0,0,0,86,b'LV_E0432\x00\x00\x00\x00\x00\x00\x00\x00\x00\x00\x00\x00\x00\x00\x00\x00\x00\x00\x00\x00\x00\x00\x00\x00'
13833,62,0,38,38,86,b'LV_E0431\x00\x00\x00\x00\x00\x00\x00\x00\x00\x00\x00\x00\x00\x00\x00\x00\x00\x00\x00\x00\x00\x00\x00\x00'
13981,156,38,189,189,50,b'LV_TokyoEventHit\x00\x00\x00\x00\x00\x00\x00\x00\x00\x00\x00\x00\x00\x00\x00\x00'
14129,63,38,39,39,101,b'LV_E0435\x00\x00\x00\x00\x00\x00\x00\x00\x00\x00\x00\x00\x00\x00\x00\x00\x00\x00\x00\x00\x00\x00\x00\x00'
14277,177,39,190,190,101,b'LV_m101_EventHit\x00\x00\x00\x00\x00\x00\x00\x00\x00\x00\x00\x00\x00\x00\x00\x00'
14425,98,39,4124,4124,92,b'LV_m092_EventHit\x00\x00\x00\x00\x00\x00\x00\x00\x00\x00\x00\x00\x00\x00\x00\x00'
14573,99,39,4123,4123,92,b'LV_m092_EventHit\x00\x00\x00\x00\x00\x00\x00\x00\x00\x00\x00\x00\x00\x00\x00\x00'
14721,100,39,4125,4125,92,b'LV_m092_EventHit\x00\x00\x00\x00\x00\x00\x00\x00\x00\x00\x00\x00\x00\x00\x00\x00'
14869,101,39,4127,4127,92,b'LV_m092_EventHit\x00\x00\x00\x00\x00\x00\x00\x00\x00\x00\x00\x00\x00\x00\x00\x00'
15017,102,39,4126,4126,92,b'LV_m092_EventHit\x00\x00\x00\x00\x00\x00\x00\x00\x00\x00\x00\x00\x00\x00\x00\x00'
15165,103,39,4128,4128,92,b'LV_m092_EventHit\x00\x00\x00\x00\x00\x00\x00\x00\x00\x00\x00\x00\x00\x00\x00\x00'
15313,104,39,4129,4129,92,b'LV_m092_EventHit\x00\x00\x00\x00\x00\x00\x00\x00\x00\x00\x00\x00\x00\x00\x00\x00'
15461,105,39,4130,4130,92,b'LV_m092_EventHit\x00\x00\x00\x00\x00\x00\x00\x00\x00\x00\x00\x00\x00\x00\x00\x00'
15609,106,39,4131,4131,92,b'LV_m092_EventHit\x00\x00\x00\x00\x00\x00\x00\x00\x00\x00\x00\x00\x00\x00\x00\x00'
15757,107,39,4132,4132,92,b'LV_m092_EventHit\x00\x00\x00\x00\x00\x00\x00\x00\x00\x00\x00\x00\x00\x00\x00\x00'
15905,108,39,4139,4139,92,b'LV_m092_EventHit\x00\x00\x00\x00\x00\x00\x00\x00\x00\x00\x00\x00\x00\x00\x00\x00'
16053,109,39,4140,4140,92,b'LV_m092_EventHit\x00\x00\x00\x00\x00\x00\x00\x00\x00\x00\x00\x00\x00\x00\x00\x00'
16201,110,39,4141,4141,92,b'LV_m092_EventHit\x00\x00\x00\x00\x00\x00\x00\x00\x00\x00\x00\x00\x00\x00\x00\x00'
16349,64,39,40,40,92,b'LV_E0470\x00\x00\x00\x00\x00\x00\x00\x00\x00\x00\x00\x00\x00\x00\x00\x00\x00\x00\x00\x00\x00\x00\x00\x00'
16497,96,40,41,41,92,b'LV_E0473\x00\x00\x00\x00\x00\x00\x00\x00\x00\x00\x00\x00\x00\x00\x00\x00\x00\x00\x00\x00\x00\x00\x00\x00'
16645,97,41,42,42,92,b'LV_m092_EventHit\x00\x00\x00\x00\x00\x00\x00\x00\x00\x00\x00\x00\x00\x00\x00\x00'
16793,65,40,43,43,92,b'LV_E0480\x00\x00\x00\x00\x00\x00\x00\x00\x00\x00\x00\x00\x00\x00\x00\x00\x00\x00\x00\x00\x00\x00\x00\x00'
16941,66,0,44,44,62,b'LV_E0370\x00\x00\x00\x00\x00\x00\x00\x00\x00\x00\x00\x00\x00\x00\x00\x00\x00\x00\x00\x00\x00\x00\x00\x00'
17089,3,44,1297,1297,62,b'LV_MainMission_M062\x00\x00\x00\x00\x00\x00\x00\x00\x00\x00\x00\x00\x00'
17237,75,44,45,45,62,b'LV_E0375\x00\x00\x00\x00\x00\x00\x00\x00\x00\x00\x00\x00\x00\x00\x00\x00\x00\x00\x00\x00\x00\x00\x00\x00'
17385,76,45,1095,1095,62,b'LV_MainMission_M062\x00\x00\x00\x00\x00\x00\x00\x00\x00\x00\x00\x00\x00'
17533,37,45,1096,1096,62,b'LV_MainMission_M062\x00\x00\x00\x00\x00\x00\x00\x00\x00\x00\x00\x00\x00'
17681,43,45,1097,1097,62,b'LV_MainMission_M062\x00\x00\x00\x00\x00\x00\x00\x00\x00\x00\x00\x00\x00'
17829,48,45,1098,1098,62,b'LV_MainMission_M062\x00\x00\x00\x00\x00\x00\x00\x00\x00\x00\x00\x00\x00'
17977,50,45,1099,1099,62,b'LV_MainMission_M062\x00\x00\x00\x00\x00\x00\x00\x00\x00\x00\x00\x00\x00'
18125,85,1100,1101,1101,62,b'LV_MainMission_M062\x00\x00\x00\x00\x00\x00\x00\x00\x00\x00\x00\x00\x00'
18273,184,1100,46,46,62,b'LV_m062_EventHit\x00\x00\x00\x00\x00\x00\x00\x00\x00\x00\x00\x00\x00\x00\x00\x00'
18421,4,1101,1298,1298,62,b'LV_MainMission_M062\x00\x00\x00\x00\x00\x00\x00\x00\x00\x00\x00\x00\x00'
18569,5,1101,1299,1299,62,b'LV_MainMission_M062\x00\x00\x00\x00\x00\x00\x00\x00\x00\x00\x00\x00\x00'
18717,6,1101,1300,1300,62,b'LV_MainMission_M062\x00\x00\x00\x00\x00\x00\x00\x00\x00\x00\x00\x00\x00'
18865,93,1101,1103,1103,62,b'LV_MainMission_M062\x00\x00\x00\x00\x00\x00\x00\x00\x00\x00\x00\x00\x00'
19013,248,46,166,166,62,b'LV_m062_EventHit\x00\x00\x00\x00\x00\x00\x00\x00\x00\x00\x00\x00\x00\x00\x00\x00'
19161,1,1101,1102,1102,62,b'LV_MainMission_M062\x00\x00\x00\x00\x00\x00\x00\x00\x00\x00\x00\x00\x00'
19309,2,1102,1296,1296,62,b'LV_MainMission_M062\x00\x00\x00\x00\x00\x00\x00\x00\x00\x00\x00\x00\x00'
19457,7,1296,1305,1305,62,b'LV_MainMission_M062\x00\x00\x00\x00\x00\x00\x00\x00\x00\x00\x00\x00\x00'
19605,77,1296,47,47,62,b'LV_E0379\x00\x00\x00\x00\x00\x00\x00\x00\x00\x00\x00\x00\x00\x00\x00\x00\x00\x00\x00\x00\x00\x00\x00\x00'
19753,78,47,48,48,62,b'LV_m062_EventHit\x00\x00\x00\x00\x00\x00\x00\x00\x00\x00\x00\x00\x00\x00\x00\x00'
19901,113,48,49,49,62,b'LV_E0385\x00\x00\x00\x00\x00\x00\x00\x00\x00\x00\x00\x00\x00\x00\x00\x00\x00\x00\x00\x00\x00\x00\x00\x00'
20049,249,49,167,167,62,b'LV_m062_EventHit\x00\x00\x00\x00\x00\x00\x00\x00\x00\x00\x00\x00\x00\x00\x00\x00'
20197,79,49,50,50,62,b'LV_m062_EventHit\x00\x00\x00\x00\x00\x00\x00\x00\x00\x00\x00\x00\x00\x00\x00\x00'
20345,80,1110,51,51,62,b'LV_E0400\x00\x00\x00\x00\x00\x00\x00\x00\x00\x00\x00\x00\x00\x00\x00\x00\x00\x00\x00\x00\x00\x00\x00\x00'
20493,154,51,178,178,62,b'LV_m062_EventHit\x00\x00\x00\x00\x00\x00\x00\x00\x00\x00\x00\x00\x00\x00\x00\x00'
20641,81,178,52,52,62,b'LV_E0490\x00\x00\x00\x00\x00\x00\x00\x00\x00\x00\x00\x00\x00\x00\x00\x00\x00\x00\x00\x00\x00\x00\x00\x00'
20789,68,52,126,126,62,b'LV_m062_EventHit\x00\x00\x00\x00\x00\x00\x00\x00\x00\x00\x00\x00\x00\x00\x00\x00'
20937,83,0,0,0,62,b'LV_E0491\x00\x00\x00\x00\x00\x00\x00\x00\x00\x00\x00\x00\x00\x00\x00\x00\x00\x00\x00\x00\x00\x00\x00\x00'
21085,84,0,0,53,62,b'LV_E0510\x00\x00\x00\x00\x00\x00\x00\x00\x00\x00\x00\x00\x00\x00\x00\x00\x00\x00\x00\x00\x00\x00\x00\x00'
21233,61,53,147,147,62,b'LV_m062_EventHit\x00\x00\x00\x00\x00\x00\x00\x00\x00\x00\x00\x00\x00\x00\x00\x00'
21381,185,53,54,54,62,b'LV_m062_EventHit\x00\x00\x00\x00\x00\x00\x00\x00\x00\x00\x00\x00\x00\x00\x00\x00'
21529,114,53,55,55,85,b'LV_m085_01_EventHit\x00\x00\x00\x00\x00\x00\x00\x00\x00\x00\x00\x00\x00'
21677,115,55,56,56,85,b'LV_m085_02_EventHit\x00\x00\x00\x00\x00\x00\x00\x00\x00\x00\x00\x00\x00'
21825,116,56,57,57,80,b'LV_m080_01_EventHit\x00\x00\x00\x00\x00\x00\x00\x00\x00\x00\x00\x00\x00'
21973,117,57,58,58,85,b'LV_m085_02_EventHit\x00\x00\x00\x00\x00\x00\x00\x00\x00\x00\x00\x00\x00'
22121,228,58,59,59,85,b'LV_m085_01_EventHit\x00\x00\x00\x00\x00\x00\x00\x00\x00\x00\x00\x00\x00'
22269,118,58,60,60,63,b'LV_E0610M\x00\x00\x00\x00\x00\x00\x00\x00\x00\x00\x00\x00\x00\x00\x00\x00\x00\x00\x00\x00\x00\x00\x00'
22417,255,60,191,191,63,b'LV_m063_EventHit\x00\x00\x00\x00\x00\x00\x00\x00\x00\x00\x00\x00\x00\x00\x00\x00'
22565,119,60,61,61,63,b'LV_E0580\x00\x00\x00\x00\x00\x00\x00\x00\x00\x00\x00\x00\x00\x00\x00\x00\x00\x00\x00\x00\x00\x00\x00\x00'
22713,122,61,65,65,63,b'LV_E0590M\x00\x00\x00\x00\x00\x00\x00\x00\x00\x00\x00\x00\x00\x00\x00\x00\x00\x00\x00\x00\x00\x00\x00'
22861,123,65,1118,1118,63,b'LV_m063_EventHit\x00\x00\x00\x00\x00\x00\x00\x00\x00\x00\x00\x00\x00\x00\x00\x00'
23009,29,1118,1365,1365,63,b'LV_m063_EventHit\x00\x00\x00\x00\x00\x00\x00\x00\x00\x00\x00\x00\x00\x00\x00\x00'
23157,120,65,62,62,63,b'LV_E0620\x00\x00\x00\x00\x00\x00\x00\x00\x00\x00\x00\x00\x00\x00\x00\x00\x00\x00\x00\x00\x00\x00\x00\x00'
23305,121,62,63,63,63,b'LV_m063_EventHit\x00\x00\x00\x00\x00\x00\x00\x00\x00\x00\x00\x00\x00\x00\x00\x00'
23453,229,63,64,64,63,b'LV_m063_EventHit\x00\x00\x00\x00\x00\x00\x00\x00\x00\x00\x00\x00\x00\x00\x00\x00'
23601,8,58,1307,1307,63,b'LV_m063_EventHit\x00\x00\x00\x00\x00\x00\x00\x00\x00\x00\x00\x00\x00\x00\x00\x00'
23749,124,1119,66,66,63,b'LV_E0595\x00\x00\x00\x00\x00\x00\x00\x00\x00\x00\x00\x00\x00\x00\x00\x00\x00\x00\x00\x00\x00\x00\x00\x00'
23897,125,66,1120,1120,63,b'LV_m063_EventHit\x00\x00\x00\x00\x00\x00\x00\x00\x00\x00\x00\x00\x00\x00\x00\x00'
24045,250,1120,168,168,63,b'LV_m063_EventHit\x00\x00\x00\x00\x00\x00\x00\x00\x00\x00\x00\x00\x00\x00\x00\x00'
24193,126,1120,1121,1121,63,b'LV_m063_EventHit\x00\x00\x00\x00\x00\x00\x00\x00\x00\x00\x00\x00\x00\x00\x00\x00'
24341,127,1121,1122,67,63,b'LV_E0598\x00\x00\x00\x00\x00\x00\x00\x00\x00\x00\x00\x00\x00\x00\x00\x00\x00\x00\x00\x00\x00\x00\x00\x00'
24489,128,1121,1123,67,63,b'LV_E0598\x00\x00\x00\x00\x00\x00\x00\x00\x00\x00\x00\x00\x00\x00\x00\x00\x00\x00\x00\x00\x00\x00\x00\x00'
24637,129,1121,1124,67,63,b'LV_E0598\x00\x00\x00\x00\x00\x00\x00\x00\x00\x00\x00\x00\x00\x00\x00\x00\x00\x00\x00\x00\x00\x00\x00\x00'
24785,130,1121,1125,67,63,b'LV_E0598\x00\x00\x00\x00\x00\x00\x00\x00\x00\x00\x00\x00\x00\x00\x00\x00\x00\x00\x00\x00\x00\x00\x00\x00'
24933,131,1121,1126,67,63,b'LV_E0598\x00\x00\x00\x00\x00\x00\x00\x00\x00\x00\x00\x00\x00\x00\x00\x00\x00\x00\x00\x00\x00\x00\x00\x00'
25081,132,1121,1127,67,63,b'LV_E0598\x00\x00\x00\x00\x00\x00\x00\x00\x00\x00\x00\x00\x00\x00\x00\x00\x00\x00\x00\x00\x00\x00\x00\x00'
25229,133,1121,1128,67,63,b'LV_E0598\x00\x00\x00\x00\x00\x00\x00\x00\x00\x00\x00\x00\x00\x00\x00\x00\x00\x00\x00\x00\x00\x00\x00\x00'
25377,134,1121,67,67,63,b'LV_E0598\x00\x00\x00\x00\x00\x00\x00\x00\x00\x00\x00\x00\x00\x00\x00\x00\x00\x00\x00\x00\x00\x00\x00\x00'
25525,135,67,1129,1129,63,b'LV_m063_EventHit\x00\x00\x00\x00\x00\x00\x00\x00\x00\x00\x00\x00\x00\x00\x00\x00'
25673,136,1129,68,68,63,b'LV_E0630\x00\x00\x00\x00\x00\x00\x00\x00\x00\x00\x00\x00\x00\x00\x00\x00\x00\x00\x00\x00\x00\x00\x00\x00'
25821,251,68,169,169,36,b'LV_m036_1F_EventHit\x00\x00\x00\x00\x00\x00\x00\x00\x00\x00\x00\x00\x00'
25969,137,169,69,69,36,b'LV_m036_2F_EventHit\x00\x00\x00\x00\x00\x00\x00\x00\x00\x00\x00\x00\x00'
26117,17,69,130,130,36,b'LV_m036_2F_EventHit\x00\x00\x00\x00\x00\x00\x00\x00\x00\x00\x00\x00\x00'
26265,18,130,131,131,36,b'LV_m036_2F_EventHit\x00\x00\x00\x00\x00\x00\x00\x00\x00\x00\x00\x00\x00'
26413,20,131,132,132,36,b'LV_m036_2F_EventHit\x00\x00\x00\x00\x00\x00\x00\x00\x00\x00\x00\x00\x00'
26561,138,132,70,70,36,b'LV_m036_3F_EventHit\x00\x00\x00\x00\x00\x00\x00\x00\x00\x00\x00\x00\x00'
26709,139,70,71,71,36,b'LV_E0660\x00\x00\x00\x00\x00\x00\x00\x00\x00\x00\x00\x00\x00\x00\x00\x00\x00\x00\x00\x00\x00\x00\x00\x00'
26857,140,71,72,72,36,b'LV_m036_4F_EventHit\x00\x00\x00\x00\x00\x00\x00\x00\x00\x00\x00\x00\x00'
27005,141,72,73,73,36,b'LV_E0675\x00\x00\x00\x00\x00\x00\x00\x00\x00\x00\x00\x00\x00\x00\x00\x00\x00\x00\x00\x00\x00\x00\x00\x00'
27153,142,73,74,74,63,b'LV_E0680\x00\x00\x00\x00\x00\x00\x00\x00\x00\x00\x00\x00\x00\x00\x00\x00\x00\x00\x00\x00\x00\x00\x00\x00'
27301,143,74,75,75,85,b'LV_m085_02_EventHit\x00\x00\x00\x00\x00\x00\x00\x00\x00\x00\x00\x00\x00'
27449,144,75,76,76,80,b'LV_m080_01_EventHit\x00\x00\x00\x00\x00\x00\x00\x00\x00\x00\x00\x00\x00'
27597,145,76,77,77,85,b'LV_m085_01_EventHit\x00\x00\x00\x00\x00\x00\x00\x00\x00\x00\x00\x00\x00'
27745,146,77,78,78,30,b'LV_m030_EventHit\x00\x00\x00\x00\x00\x00\x00\x00\x00\x00\x00\x00\x00\x00\x00\x00'
27893,147,0,0,0,30,b'LV_E0530\x00\x00\x00\x00\x00\x00\x00\x00\x00\x00\x00\x00\x00\x00\x00\x00\x00\x00\x00\x00\x00\x00\x00\x00'
28041,148,0,0,79,88,b'LV_E0600\x00\x00\x00\x00\x00\x00\x00\x00\x00\x00\x00\x00\x00\x00\x00\x00\x00\x00\x00\x00\x00\x00\x00\x00'
28189,149,79,88,80,88,b'LV_m088_01_EventHit\x00\x00\x00\x00\x00\x00\x00\x00\x00\x00\x00\x00\x00'
28337,157,0,0,89,88,b'LV_E0603\x00\x00\x00\x00\x00\x00\x00\x00\x00\x00\x00\x00\x00\x00\x00\x00\x00\x00\x00\x00\x00\x00\x00\x00'
28485,159,0,0,90,88,b'LV_E0604\x00\x00\x00\x00\x00\x00\x00\x00\x00\x00\x00\x00\x00\x00\x00\x00\x00\x00\x00\x00\x00\x00\x00\x00'
28633,19,90,124,124,85,b'LV_m085_01_EventHit\x00\x00\x00\x00\x00\x00\x00\x00\x00\x00\x00\x00\x00'
28781,160,90,91,91,85,b'LV_m085_02_EventHit\x00\x00\x00\x00\x00\x00\x00\x00\x00\x00\x00\x00\x00'
28929,252,91,171,171,85,b'LV_m085_02_EventHit\x00\x00\x00\x00\x00\x00\x00\x00\x00\x00\x00\x00\x00'
29077,253,171,172,172,88,b'LV_E0736\x00\x00\x00\x00\x00\x00\x00\x00\x00\x00\x00\x00\x00\x00\x00\x00\x00\x00\x00\x00\x00\x00\x00\x00'
29225,161,172,92,92,85,b'LV_m085_01_EventHit\x00\x00\x00\x00\x00\x00\x00\x00\x00\x00\x00\x00\x00'
29373,162,92,93,93,105,b'LV_E0750\x00\x00\x00\x00\x00\x00\x00\x00\x00\x00\x00\x00\x00\x00\x00\x00\x00\x00\x00\x00\x00\x00\x00\x00'
29521,163,93,94,94,60,b'LV_E0760\x00\x00\x00\x00\x00\x00\x00\x00\x00\x00\x00\x00\x00\x00\x00\x00\x00\x00\x00\x00\x00\x00\x00\x00'
29669,9,94,127,127,60,b'LV_m060_EventHit\x00\x00\x00\x00\x00\x00\x00\x00\x00\x00\x00\x00\x00\x00\x00\x00'
29817,10,127,128,0,60,b'LV_m060_EventHit\x00\x00\x00\x00\x00\x00\x00\x00\x00\x00\x00\x00\x00\x00\x00\x00'
29965,11,127,128,0,60,b'LV_m060_EventHit\x00\x00\x00\x00\x00\x00\x00\x00\x00\x00\x00\x00\x00\x00\x00\x00'
30113,12,128,1308,1308,60,b'LV_m060_EventHit\x00\x00\x00\x00\x00\x00\x00\x00\x00\x00\x00\x00\x00\x00\x00\x00'
30261,186,94,95,95,60,b'LV_m060_EventHit\x00\x00\x00\x00\x00\x00\x00\x00\x00\x00\x00\x00\x00\x00\x00\x00'
30409,13,93,1309,1309,60,b'LV_m060_EventHit\x00\x00\x00\x00\x00\x00\x00\x00\x00\x00\x00\x00\x00\x00\x00\x00'
30557,164,93,96,96,60,b'LV_m060_EventHit\x00\x00\x00\x00\x00\x00\x00\x00\x00\x00\x00\x00\x00\x00\x00\x00'
30705,165,94,97,97,60,b'LV_E0765\x00\x00\x00\x00\x00\x00\x00\x00\x00\x00\x00\x00\x00\x00\x00\x00\x00\x00\x00\x00\x00\x00\x00\x00'
30853,14,94,1310,1310,60,b'LV_m060_EventHit\x00\x00\x00\x00\x00\x00\x00\x00\x00\x00\x00\x00\x00\x00\x00\x00'
31001,166,94,98,98,60,b'LV_E0775\x00\x00\x00\x00\x00\x00\x00\x00\x00\x00\x00\x00\x00\x00\x00\x00\x00\x00\x00\x00\x00\x00\x00\x00'
31149,168,98,99,99,60,b'LV_m060_EventHit\x00\x00\x00\x00\x00\x00\x00\x00\x00\x00\x00\x00\x00\x00\x00\x00'
31297,15,94,1311,1311,60,b'LV_m060_EventHit\x00\x00\x00\x00\x00\x00\x00\x00\x00\x00\x00\x00\x00\x00\x00\x00'
31445,169,94,100,100,60,b'LV_E0785\x00\x00\x00\x00\x00\x00\x00\x00\x00\x00\x00\x00\x00\x00\x00\x00\x00\x00\x00\x00\x00\x00\x00\x00'
31593,171,100,101,101,60,b'LV_m060_EventHit\x00\x00\x00\x00\x00\x00\x00\x00\x00\x00\x00\x00\x00\x00\x00\x00'
31741,16,94,1312,1312,60,b'LV_m060_EventHit\x00\x00\x00\x00\x00\x00\x00\x00\x00\x00\x00\x00\x00\x00\x00\x00'
31889,172,94,102,102,60,b'LV_E0805\x00\x00\x00\x00\x00\x00\x00\x00\x00\x00\x00\x00\x00\x00\x00\x00\x00\x00\x00\x00\x00\x00\x00\x00'
32037,174,102,103,103,60,b'LV_m060_EventHit\x00\x00\x00\x00\x00\x00\x00\x00\x00\x00\x00\x00\x00\x00\x00\x00'
32185,246,94,104,0,60,b'LV_m060_EventHit\x00\x00\x00\x00\x00\x00\x00\x00\x00\x00\x00\x00\x00\x00\x00\x00'
32333,175,104,105,105,60,b'LV_m060_EventHit\x00\x00\x00\x00\x00\x00\x00\x00\x00\x00\x00\x00\x00\x00\x00\x00'
32481,44,105,149,149,35,b'LV_m035_4F_EventHit\x00\x00\x00\x00\x00\x00\x00\x00\x00\x00\x00\x00\x00'
32629,597,149,106,0,35,b'LV_m035_4F_EventHit\x00\x00\x00\x00\x00\x00\x00\x00\x00\x00\x00\x00\x00'
32777,176,149,106,106,35,b'LV_E0830\x00\x00\x00\x00\x00\x00\x00\x00\x00\x00\x00\x00\x00\x00\x00\x00\x00\x00\x00\x00\x00\x00\x00\x00'
32925,178,0,0,0,15,b'LV_E0840\x00\x00\x00\x00\x00\x00\x00\x00\x00\x00\x00\x00\x00\x00\x00\x00\x00\x00\x00\x00\x00\x00\x00\x00'
33073,179,0,0,0,208,b'LV_E0841\x00\x00\x00\x00\x00\x00\x00\x00\x00\x00\x00\x00\x00\x00\x00\x00\x00\x00\x00\x00\x00\x00\x00\x00'
33221,180,0,0,0,208,b'LV_E0842\x00\x00\x00\x00\x00\x00\x00\x00\x00\x00\x00\x00\x00\x00\x00\x00\x00\x00\x00\x00\x00\x00\x00\x00'
33369,181,0,0,0,15,b'LV_E0843\x00\x00\x00\x00\x00\x00\x00\x00\x00\x00\x00\x00\x00\x00\x00\x00\x00\x00\x00\x00\x00\x00\x00\x00'
33517,182,0,0,0,35,b'LV_E0850\x00\x00\x00\x00\x00\x00\x00\x00\x00\x00\x00\x00\x00\x00\x00\x00\x00\x00\x00\x00\x00\x00\x00\x00'
33665,183,0,0,108,16,b'LV_E0860\x00\x00\x00\x00\x00\x00\x00\x00\x00\x00\x00\x00\x00\x00\x00\x00\x00\x00\x00\x00\x00\x00\x00\x00'
33813,150,108,179,179,16,b'LV_m016_01_EventHit\x00\x00\x00\x00\x00\x00\x00\x00\x00\x00\x00\x00\x00'
33961,225,108,111,111,16,b'LV_m016_01_EventHit\x00\x00\x00\x00\x00\x00\x00\x00\x00\x00\x00\x00\x00'
34109,226,108,112,112,16,b'LV_m016_01_EventHit\x00\x00\x00\x00\x00\x00\x00\x00\x00\x00\x00\x00\x00'
34257,227,108,113,113,16,b'LV_m016_01_EventHit\x00\x00\x00\x00\x00\x00\x00\x00\x00\x00\x00\x00\x00'
34405,153,108,175,175,16,b'LV_m016_01_EventHit\x00\x00\x00\x00\x00\x00\x00\x00\x00\x00\x00\x00\x00'
34553,187,179,109,109,16,b'LV_E0870\x00\x00\x00\x00\x00\x00\x00\x00\x00\x00\x00\x00\x00\x00\x00\x00\x00\x00\x00\x00\x00\x00\x00\x00'
34701,254,109,173,173,16,b'LV_m016_01_EventHit\x00\x00\x00\x00\x00\x00\x00\x00\x00\x00\x00\x00\x00'
34849,188,109,114,114,16,b'LV_E0900\x00\x00\x00\x00\x00\x00\x00\x00\x00\x00\x00\x00\x00\x00\x00\x00\x00\x00\x00\x00\x00\x00\x00\x00'
34997,190,114,115,115,16,b'LV_E0905\x00\x00\x00\x00\x00\x00\x00\x00\x00\x00\x00\x00\x00\x00\x00\x00\x00\x00\x00\x00\x00\x00\x00\x00'
35145,151,115,174,174,16,b'LV_m016_01_EventHit\x00\x00\x00\x00\x00\x00\x00\x00\x00\x00\x00\x00\x00'
35293,191,115,121,121,94,b'LV_E0940\x00\x00\x00\x00\x00\x00\x00\x00\x00\x00\x00\x00\x00\x00\x00\x00\x00\x00\x00\x00\x00\x00\x00\x00'
35441,193,0,0,0,94,b'LV_E0945\x00\x00\x00\x00\x00\x00\x00\x00\x00\x00\x00\x00\x00\x00\x00\x00\x00\x00\x00\x00\x00\x00\x00\x00'
35589,194,0,0,0,94,b'LV_E0950\x00\x00\x00\x00\x00\x00\x00\x00\x00\x00\x00\x00\x00\x00\x00\x00\x00\x00\x00\x00\x00\x00\x00\x00'
35737,195,0,0,145,94,b'LV_E1000\x00\x00\x00\x00\x00\x00\x00\x00\x00\x00\x00\x00\x00\x00\x00\x00\x00\x00\x00\x00\x00\x00\x00\x00'
35885,196,176,0,0,17,b'LV_E1010\x00\x00\x00\x00\x00\x00\x00\x00\x00\x00\x00\x00\x00\x00\x00\x00\x00\x00\x00\x00\x00\x00\x00\x00'
36033,21,0,0,0,17,b'LV_E1015\x00\x00\x00\x00\x00\x00\x00\x00\x00\x00\x00\x00\x00\x00\x00\x00\x00\x00\x00\x00\x00\x00\x00\x00'
36181,198,0,0,152,96,b'LV_E0957\x00\x00\x00\x00\x00\x00\x00\x00\x00\x00\x00\x00\x00\x00\x00\x00\x00\x00\x00\x00\x00\x00\x00\x00'
36329,199,179,110,110,16,b'LV_E0880\x00\x00\x00\x00\x00\x00\x00\x00\x00\x00\x00\x00\x00\x00\x00\x00\x00\x00\x00\x00\x00\x00\x00\x00'
36477,82,110,150,150,16,b'LV_m016_01_EventHit\x00\x00\x00\x00\x00\x00\x00\x00\x00\x00\x00\x00\x00'
36625,200,110,116,116,16,b'LV_E0910\x00\x00\x00\x00\x00\x00\x00\x00\x00\x00\x00\x00\x00\x00\x00\x00\x00\x00\x00\x00\x00\x00\x00\x00'
36773,202,116,117,117,16,b'LV_E0915\x00\x00\x00\x00\x00\x00\x00\x00\x00\x00\x00\x00\x00\x00\x00\x00\x00\x00\x00\x00\x00\x00\x00\x00'
36921,152,117,174,174,16,b'LV_m016_01_EventHit\x00\x00\x00\x00\x00\x00\x00\x00\x00\x00\x00\x00\x00'
37069,203,117,121,121,94,b'LV_E0940\x00\x00\x00\x00\x00\x00\x00\x00\x00\x00\x00\x00\x00\x00\x00\x00\x00\x00\x00\x00\x00\x00\x00\x00'
37217,205,0,0,0,94,b'LV_E0945\x00\x00\x00\x00\x00\x00\x00\x00\x00\x00\x00\x00\x00\x00\x00\x00\x00\x00\x00\x00\x00\x00\x00\x00'
37365,206,0,0,0,94,b'LV_E0950\x00\x00\x00\x00\x00\x00\x00\x00\x00\x00\x00\x00\x00\x00\x00\x00\x00\x00\x00\x00\x00\x00\x00\x00'
37513,207,0,0,145,94,b'LV_E1000\x00\x00\x00\x00\x00\x00\x00\x00\x00\x00\x00\x00\x00\x00\x00\x00\x00\x00\x00\x00\x00\x00\x00\x00'
37661,208,176,0,0,17,b'LV_E1010\x00\x00\x00\x00\x00\x00\x00\x00\x00\x00\x00\x00\x00\x00\x00\x00\x00\x00\x00\x00\x00\x00\x00\x00'
37809,47,0,0,0,17,b'LV_E1015\x00\x00\x00\x00\x00\x00\x00\x00\x00\x00\x00\x00\x00\x00\x00\x00\x00\x00\x00\x00\x00\x00\x00\x00'
37957,210,0,0,151,97,b'LV_E0955\x00\x00\x00\x00\x00\x00\x00\x00\x00\x00\x00\x00\x00\x00\x00\x00\x00\x00\x00\x00\x00\x00\x00\x00'
38105,211,179,118,118,16,b'LV_E0920\x00\x00\x00\x00\x00\x00\x00\x00\x00\x00\x00\x00\x00\x00\x00\x00\x00\x00\x00\x00\x00\x00\x00\x00'
38253,213,118,119,119,16,b'LV_E0915\x00\x00\x00\x00\x00\x00\x00\x00\x00\x00\x00\x00\x00\x00\x00\x00\x00\x00\x00\x00\x00\x00\x00\x00'
38401,214,119,120,120,16,b'LV_E0930\x00\x00\x00\x00\x00\x00\x00\x00\x00\x00\x00\x00\x00\x00\x00\x00\x00\x00\x00\x00\x00\x00\x00\x00'
38549,215,119,123,123,94,b'LV_E0960\x00\x00\x00\x00\x00\x00\x00\x00\x00\x00\x00\x00\x00\x00\x00\x00\x00\x00\x00\x00\x00\x00\x00\x00'
38697,217,0,0,0,94,b'LV_E0965\x00\x00\x00\x00\x00\x00\x00\x00\x00\x00\x00\x00\x00\x00\x00\x00\x00\x00\x00\x00\x00\x00\x00\x00'
38845,219,0,0,145,94,b'LV_E0970\x00\x00\x00\x00\x00\x00\x00\x00\x00\x00\x00\x00\x00\x00\x00\x00\x00\x00\x00\x00\x00\x00\x00\x00'
38993,220,0,0,153,98,b'LV_E0975\x00\x00\x00\x00\x00\x00\x00\x00\x00\x00\x00\x00\x00\x00\x00\x00\x00\x00\x00\x00\x00\x00\x00\x00'
39141,221,176,0,0,17,b'LV_E1010\x00\x00\x00\x00\x00\x00\x00\x00\x00\x00\x00\x00\x00\x00\x00\x00\x00\x00\x00\x00\x00\x00\x00\x00'
39289,218,0,0,0,17,b'LV_E1015\x00\x00\x00\x00\x00\x00\x00\x00\x00\x00\x00\x00\x00\x00\x00\x00\x00\x00\x00\x00\x00\x00\x00\x00'
39437,223,0,0,0,94,b'LV_E1020\x00\x00\x00\x00\x00\x00\x00\x00\x00\x00\x00\x00\x00\x00\x00\x00\x00\x00\x00\x00\x00\x00\x00\x00'
39585,224,0,0,154,103,b'LV_E1025\x00\x00\x00\x00\x00\x00\x00\x00\x00\x00\x00\x00\x00\x00\x00\x00\x00\x00\x00\x00\x00\x00\x00\x00'
39733,247,4572,4574,4574,107,b'LV_E1100\x00\x00\x00\x00\x00\x00\x00\x00\x00\x00\x00\x00\x00\x00\x00\x00\x00\x00\x00\x00\x00\x00\x00\x00'
39881,256,0,198,198,99,b'LV_E0170\x00\x00\x00\x00\x00\x00\x00\x00\x00\x00\x00\x00\x00\x00\x00\x00\x00\x00\x00\x00\x00\x00\x00\x00'
40029,257,198,199,199,82,b'LV_m082_01_EventHit_E0171_P\x00\x00\x00\x00\x00'
40177,258,0,200,200,82,b'LV_m082_01_EventHit_E0171_P\x00\x00\x00\x00\x00'
40325,259,0,201,201,82,b'LV_m082_01_EventHit_E0171_P\x00\x00\x00\x00\x00'
40473,260,0,202,202,82,b'LV_m082_01_EventHit_E0171_P\x00\x00\x00\x00\x00'
40621,261,203,204,204,82,b'LV_m082_01_EventHit_E0171_P\x00\x00\x00\x00\x00'
40769,262,0,205,205,82,b'LV_m082_01_EventHit_E0171_P\x00\x00\x00\x00\x00'
40917,263,205,206,206,82,b'LV_E0185\x00\x00\x00\x00\x00\x00\x00\x00\x00\x00\x00\x00\x00\x00\x00\x00\x00\x00\x00\x00\x00\x00\x00\x00'
41065,264,206,207,207,50,b'LV_TokyoEventHit_P\x00\x00\x00\x00\x00\x00\x00\x00\x00\x00\x00\x00\x00\x00'
41213,265,206,208,208,83,b'LV_E0190\x00\x00\x00\x00\x00\x00\x00\x00\x00\x00\x00\x00\x00\x00\x00\x00\x00\x00\x00\x00\x00\x00\x00\x00'
41361,266,208,209,209,83,b'LV_m083_01_EventHit_P\x00\x00\x00\x00\x00\x00\x00\x00\x00\x00\x00'
41509,267,209,212,210,83,b'LV_m083_01_EventHit_P\x00\x00\x00\x00\x00\x00\x00\x00\x00\x00\x00'
41657,268,210,211,211,83,b'LV_m083_01_EventHit_P\x00\x00\x00\x00\x00\x00\x00\x00\x00\x00\x00'
41805,269,211,212,212,81,b'LV_E0215\x00\x00\x00\x00\x00\x00\x00\x00\x00\x00\x00\x00\x00\x00\x00\x00\x00\x00\x00\x00\x00\x00\x00\x00'
41953,270,0,0,0,61,b'LV_E0225\x00\x00\x00\x00\x00\x00\x00\x00\x00\x00\x00\x00\x00\x00\x00\x00\x00\x00\x00\x00\x00\x00\x00\x00'
42101,271,212,213,213,61,b'LV_MainMission_M061_P\x00\x00\x00\x00\x00\x00\x00\x00\x00\x00\x00'
42249,272,213,214,214,61,b'LV_E0235\x00\x00\x00\x00\x00\x00\x00\x00\x00\x00\x00\x00\x00\x00\x00\x00\x00\x00\x00\x00\x00\x00\x00\x00'
42397,273,0,649,649,61,b'LV_E0241\x00\x00\x00\x00\x00\x00\x00\x00\x00\x00\x00\x00\x00\x00\x00\x00\x00\x00\x00\x00\x00\x00\x00\x00'
42545,274,214,215,215,61,b'LV_m061_EventHit_P\x00\x00\x00\x00\x00\x00\x00\x00\x00\x00\x00\x00\x00\x00'
42693,275,215,216,216,61,b'LV_MainMission_M061_P\x00\x00\x00\x00\x00\x00\x00\x00\x00\x00\x00'
42841,276,216,217,217,61,b'LV_MainMission_M061_P\x00\x00\x00\x00\x00\x00\x00\x00\x00\x00\x00'
42989,277,217,218,218,61,b'LV_MainMission_M061_P\x00\x00\x00\x00\x00\x00\x00\x00\x00\x00\x00'
43137,278,218,219,219,61,b'LV_MainMission_M061_P\x00\x00\x00\x00\x00\x00\x00\x00\x00\x00\x00'
43285,279,219,220,220,61,b'LV_MainMission_M061_P\x00\x00\x00\x00\x00\x00\x00\x00\x00\x00\x00'
43433,280,220,221,221,61,b'LV_MainMission_M061_P\x00\x00\x00\x00\x00\x00\x00\x00\x00\x00\x00'
43581,281,221,222,222,61,b'LV_m061_EventHit_P\x00\x00\x00\x00\x00\x00\x00\x00\x00\x00\x00\x00\x00\x00'
43729,282,222,223,223,61,b'LV_E0031M\x00\x00\x00\x00\x00\x00\x00\x00\x00\x00\x00\x00\x00\x00\x00\x00\x00\x00\x00\x00\x00\x00\x00'
43877,283,223,224,224,61,b'LV_m061_EventHit_P\x00\x00\x00\x00\x00\x00\x00\x00\x00\x00\x00\x00\x00\x00'
44025,284,221,225,225,61,b'LV_MainMission_M061_P\x00\x00\x00\x00\x00\x00\x00\x00\x00\x00\x00'
44173,285,221,226,226,61,b'LV_MainMission_M061_P\x00\x00\x00\x00\x00\x00\x00\x00\x00\x00\x00'
44321,286,226,227,227,61,b'LV_MainMission_M061_P\x00\x00\x00\x00\x00\x00\x00\x00\x00\x00\x00'
44469,565,227,7684,7684,61,b'LV_MainMission_M061_P\x00\x00\x00\x00\x00\x00\x00\x00\x00\x00\x00'
44617,287,227,228,228,61,b'LV_MainMission_M061_P\x00\x00\x00\x00\x00\x00\x00\x00\x00\x00\x00'
44765,288,227,229,0,61,b'LV_E0180\x00\x00\x00\x00\x00\x00\x00\x00\x00\x00\x00\x00\x00\x00\x00\x00\x00\x00\x00\x00\x00\x00\x00\x00'
44913,289,0,0,229,61,b'LV_E0181\x00\x00\x00\x00\x00\x00\x00\x00\x00\x00\x00\x00\x00\x00\x00\x00\x00\x00\x00\x00\x00\x00\x00\x00'
45061,592,227,7262,7262,61,b'LV_MainMission_M061_P\x00\x00\x00\x00\x00\x00\x00\x00\x00\x00\x00'
45209,290,227,230,230,61,b'LV_MainMission_M061_P\x00\x00\x00\x00\x00\x00\x00\x00\x00\x00\x00'
45357,291,0,231,231,61,b'LV_E0251M\x00\x00\x00\x00\x00\x00\x00\x00\x00\x00\x00\x00\x00\x00\x00\x00\x00\x00\x00\x00\x00\x00\x00'
45505,292,231,232,232,61,b'LV_m061_EventHit_P\x00\x00\x00\x00\x00\x00\x00\x00\x00\x00\x00\x00\x00\x00'
45653,293,232,233,233,61,b'LV_MainMission_M061_P\x00\x00\x00\x00\x00\x00\x00\x00\x00\x00\x00'
45801,294,233,234,234,61,b'LV_MainMission_M061_P\x00\x00\x00\x00\x00\x00\x00\x00\x00\x00\x00'
45949,295,231,235,235,61,b'LV_m061_EventHit_P\x00\x00\x00\x00\x00\x00\x00\x00\x00\x00\x00\x00\x00\x00'
46097,566,235,7685,7685,61,b'LV_MainMission_M061_P\x00\x00\x00\x00\x00\x00\x00\x00\x00\x00\x00'
46245,296,235,236,236,61,b'LV_E2010\x00\x00\x00\x00\x00\x00\x00\x00\x00\x00\x00\x00\x00\x00\x00\x00\x00\x00\x00\x00\x00\x00\x00\x00'
46393,297,236,237,237,61,b'LV_E2015\x00\x00\x00\x00\x00\x00\x00\x00\x00\x00\x00\x00\x00\x00\x00\x00\x00\x00\x00\x00\x00\x00\x00\x00'
46541,567,237,7686,7686,61,b'LV_MainMission_M061_P\x00\x00\x00\x00\x00\x00\x00\x00\x00\x00\x00'
46689,298,237,238,238,61,b'LV_m061_EventHit_P\x00\x00\x00\x00\x00\x00\x00\x00\x00\x00\x00\x00\x00\x00'
46837,299,238,239,239,61,b'LV_MainMission_M061_P\x00\x00\x00\x00\x00\x00\x00\x00\x00\x00\x00'
46985,568,238,7687,7687,61,b'LV_MainMission_M061_P\x00\x00\x00\x00\x00\x00\x00\x00\x00\x00\x00'
47133,301,239,240,240,61,b'LV_MainMission_M061_P\x00\x00\x00\x00\x00\x00\x00\x00\x00\x00\x00'
47281,302,240,241,241,61,b'LV_m061_EventHit_P\x00\x00\x00\x00\x00\x00\x00\x00\x00\x00\x00\x00\x00\x00'
47429,303,241,242,242,61,b'LV_E0261\x00\x00\x00\x00\x00\x00\x00\x00\x00\x00\x00\x00\x00\x00\x00\x00\x00\x00\x00\x00\x00\x00\x00\x00'
47577,304,242,243,243,61,b'LV_E0120M\x00\x00\x00\x00\x00\x00\x00\x00\x00\x00\x00\x00\x00\x00\x00\x00\x00\x00\x00\x00\x00\x00\x00'
47725,305,243,244,244,61,b'LV_m061_EventHit_P\x00\x00\x00\x00\x00\x00\x00\x00\x00\x00\x00\x00\x00\x00'
47873,306,0,0,0,61,b'LV_E0310\x00\x00\x00\x00\x00\x00\x00\x00\x00\x00\x00\x00\x00\x00\x00\x00\x00\x00\x00\x00\x00\x00\x00\x00'
48021,307,244,245,245,61,b'LV_m061_EventHit_P\x00\x00\x00\x00\x00\x00\x00\x00\x00\x00\x00\x00\x00\x00'
48169,308,245,246,246,61,b'LV_E0300\x00\x00\x00\x00\x00\x00\x00\x00\x00\x00\x00\x00\x00\x00\x00\x00\x00\x00\x00\x00\x00\x00\x00\x00'
48317,309,246,247,247,61,b'LV_m061_EventHit_P\x00\x00\x00\x00\x00\x00\x00\x00\x00\x00\x00\x00\x00\x00'
48465,573,247,7753,7753,61,b'LV_m061_EventHit_P\x00\x00\x00\x00\x00\x00\x00\x00\x00\x00\x00\x00\x00\x00'
48613,310,247,248,248,61,b'LV_E2020\x00\x00\x00\x00\x00\x00\x00\x00\x00\x00\x00\x00\x00\x00\x00\x00\x00\x00\x00\x00\x00\x00\x00\x00'
48761,311,248,249,249,203,b'LV_E2022\x00\x00\x00\x00\x00\x00\x00\x00\x00\x00\x00\x00\x00\x00\x00\x00\x00\x00\x00\x00\x00\x00\x00\x00'
48909,528,0,0,0,203,b'LV_E2025\x00\x00\x00\x00\x00\x00\x00\x00\x00\x00\x00\x00\x00\x00\x00\x00\x00\x00\x00\x00\x00\x00\x00\x00'
49057,312,249,250,250,61,b'LV_m061_EventHit_P\x00\x00\x00\x00\x00\x00\x00\x00\x00\x00\x00\x00\x00\x00'
49205,314,250,255,252,61,b'LV_m061_EventHit_P\x00\x00\x00\x00\x00\x00\x00\x00\x00\x00\x00\x00\x00\x00'
49353,315,256,253,253,61,b'LV_m061_EventHit_P\x00\x00\x00\x00\x00\x00\x00\x00\x00\x00\x00\x00\x00\x00'
49501,316,256,254,254,61,b'LV_m061_EventHit_P\x00\x00\x00\x00\x00\x00\x00\x00\x00\x00\x00\x00\x00\x00'
49649,317,255,257,257,31,b'LV_E0330\x00\x00\x00\x00\x00\x00\x00\x00\x00\x00\x00\x00\x00\x00\x00\x00\x00\x00\x00\x00\x00\x00\x00\x00'
49797,318,0,0,0,31,b'LV_E2029\x00\x00\x00\x00\x00\x00\x00\x00\x00\x00\x00\x00\x00\x00\x00\x00\x00\x00\x00\x00\x00\x00\x00\x00'
49945,320,257,259,259,30,b'LV_E2030\x00\x00\x00\x00\x00\x00\x00\x00\x00\x00\x00\x00\x00\x00\x00\x00\x00\x00\x00\x00\x00\x00\x00\x00'
50093,321,259,260,260,30,b'LV_m030_EventHit\x00\x00\x00\x00\x00\x00\x00\x00\x00\x00\x00\x00\x00\x00\x00\x00'
50241,322,257,261,0,30,b'LV_E2035\x00\x00\x00\x00\x00\x00\x00\x00\x00\x00\x00\x00\x00\x00\x00\x00\x00\x00\x00\x00\x00\x00\x00\x00'
50389,323,0,0,261,85,b'LV_E2040\x00\x00\x00\x00\x00\x00\x00\x00\x00\x00\x00\x00\x00\x00\x00\x00\x00\x00\x00\x00\x00\x00\x00\x00'
50537,324,261,262,262,85,b'LV_m085_01_EventHit_P\x00\x00\x00\x00\x00\x00\x00\x00\x00\x00\x00'
50685,325,261,263,263,85,b'LV_E2043\x00\x00\x00\x00\x00\x00\x00\x00\x00\x00\x00\x00\x00\x00\x00\x00\x00\x00\x00\x00\x00\x00\x00\x00'
50833,344,263,285,281,85,b'LV_m085_02_EventHit_P\x00\x00\x00\x00\x00\x00\x00\x00\x00\x00\x00'
50981,345,263,285,282,85,b'LV_m085_02_EventHit_P\x00\x00\x00\x00\x00\x00\x00\x00\x00\x00\x00'
51129,346,263,285,283,85,b'LV_m085_02_EventHit_P\x00\x00\x00\x00\x00\x00\x00\x00\x00\x00\x00'
51277,437,263,285,500,85,b'LV_m085_02_EventHit_P\x00\x00\x00\x00\x00\x00\x00\x00\x00\x00\x00'
51425,327,284,285,285,85,b'LV_m085_01_EventHit_P\x00\x00\x00\x00\x00\x00\x00\x00\x00\x00\x00'
51573,593,263,7263,7263,115,b'LV_m115_01_EventHit_P\x00\x00\x00\x00\x00\x00\x00\x00\x00\x00\x00'
51721,328,263,266,266,115,b'LV_m115_01_EventHit_P\x00\x00\x00\x00\x00\x00\x00\x00\x00\x00\x00'
51869,501,266,452,452,203,b'LV_E2051\x00\x00\x00\x00\x00\x00\x00\x00\x00\x00\x00\x00\x00\x00\x00\x00\x00\x00\x00\x00\x00\x00\x00\x00'
52017,329,452,267,267,82,b'LV_E0361\x00\x00\x00\x00\x00\x00\x00\x00\x00\x00\x00\x00\x00\x00\x00\x00\x00\x00\x00\x00\x00\x00\x00\x00'
52165,330,267,268,268,82,b'LV_E0362\x00\x00\x00\x00\x00\x00\x00\x00\x00\x00\x00\x00\x00\x00\x00\x00\x00\x00\x00\x00\x00\x00\x00\x00'
52313,331,267,271,269,82,b'LV_m082_01_EventHit_P\x00\x00\x00\x00\x00\x00\x00\x00\x00\x00\x00'
52461,332,267,270,270,82,b'LV_m082_01_EventHit_P\x00\x00\x00\x00\x00\x00\x00\x00\x00\x00\x00'
52609,333,270,271,271,99,b'LV_E2060\x00\x00\x00\x00\x00\x00\x00\x00\x00\x00\x00\x00\x00\x00\x00\x00\x00\x00\x00\x00\x00\x00\x00\x00'
52757,334,271,272,272,82,b'LV_m082_01_EventHit_P\x00\x00\x00\x00\x00\x00\x00\x00\x00\x00\x00'
52905,335,272,273,273,82,b'LV_E0365\x00\x00\x00\x00\x00\x00\x00\x00\x00\x00\x00\x00\x00\x00\x00\x00\x00\x00\x00\x00\x00\x00\x00\x00'
53053,336,273,274,274,82,b'LV_m082_01_EventHit_P\x00\x00\x00\x00\x00\x00\x00\x00\x00\x00\x00'
53201,337,274,286,286,91,b'LV_E2130\x00\x00\x00\x00\x00\x00\x00\x00\x00\x00\x00\x00\x00\x00\x00\x00\x00\x00\x00\x00\x00\x00\x00\x00'
53349,343,286,287,287,115,b'LV_m115_01_EventHit_P\x00\x00\x00\x00\x00\x00\x00\x00\x00\x00\x00'
53497,347,287,288,288,89,b'LV_E0060\x00\x00\x00\x00\x00\x00\x00\x00\x00\x00\x00\x00\x00\x00\x00\x00\x00\x00\x00\x00\x00\x00\x00\x00'
53645,348,288,289,289,115,b'LV_m115_01_EventHit_P\x00\x00\x00\x00\x00\x00\x00\x00\x00\x00\x00'
53793,349,289,290,290,204,b'LV_E2160\x00\x00\x00\x00\x00\x00\x00\x00\x00\x00\x00\x00\x00\x00\x00\x00\x00\x00\x00\x00\x00\x00\x00\x00'
53941,313,290,453,453,204,b'LV_E2164\x00\x00\x00\x00\x00\x00\x00\x00\x00\x00\x00\x00\x00\x00\x00\x00\x00\x00\x00\x00\x00\x00\x00\x00'
54089,350,453,291,291,204,b'LV_m083_01_EventHit_P\x00\x00\x00\x00\x00\x00\x00\x00\x00\x00\x00'
54237,554,291,501,501,50,b'LV_TokyoEventHit_P\x00\x00\x00\x00\x00\x00\x00\x00\x00\x00\x00\x00\x00\x00'
54385,351,290,292,292,86,b'LV_E2170\x00\x00\x00\x00\x00\x00\x00\x00\x00\x00\x00\x00\x00\x00\x00\x00\x00\x00\x00\x00\x00\x00\x00\x00'
54533,555,292,502,502,50,b'LV_TokyoEventHit_P\x00\x00\x00\x00\x00\x00\x00\x00\x00\x00\x00\x00\x00\x00'
54681,352,292,293,293,101,b'LV_E2180\x00\x00\x00\x00\x00\x00\x00\x00\x00\x00\x00\x00\x00\x00\x00\x00\x00\x00\x00\x00\x00\x00\x00\x00'
54829,353,293,294,294,101,b'LV_m101_01_EventHit_P\x00\x00\x00\x00\x00\x00\x00\x00\x00\x00\x00'
54977,354,293,295,295,92,b'LV_E0470\x00\x00\x00\x00\x00\x00\x00\x00\x00\x00\x00\x00\x00\x00\x00\x00\x00\x00\x00\x00\x00\x00\x00\x00'
55125,576,295,7228,7228,92,b'LV_m092_EventHit_P\x00\x00\x00\x00\x00\x00\x00\x00\x00\x00\x00\x00\x00\x00'
55273,355,295,296,296,92,b'LV_m092_EventHit_P\x00\x00\x00\x00\x00\x00\x00\x00\x00\x00\x00\x00\x00\x00'
55421,356,296,297,297,92,b'LV_E2210\x00\x00\x00\x00\x00\x00\x00\x00\x00\x00\x00\x00\x00\x00\x00\x00\x00\x00\x00\x00\x00\x00\x00\x00'
55569,358,293,300,300,92,b'LV_m092_EventHit_P\x00\x00\x00\x00\x00\x00\x00\x00\x00\x00\x00\x00\x00\x00'
55717,359,293,301,301,92,b'LV_m092_EventHit_P\x00\x00\x00\x00\x00\x00\x00\x00\x00\x00\x00\x00\x00\x00'
55865,360,293,302,302,92,b'LV_m092_EventHit_P\x00\x00\x00\x00\x00\x00\x00\x00\x00\x00\x00\x00\x00\x00'
56013,361,293,303,303,92,b'LV_m092_EventHit_P\x00\x00\x00\x00\x00\x00\x00\x00\x00\x00\x00\x00\x00\x00'
56161,362,293,304,304,92,b'LV_m092_EventHit_P\x00\x00\x00\x00\x00\x00\x00\x00\x00\x00\x00\x00\x00\x00'
56309,363,293,305,305,92,b'LV_m092_EventHit_P\x00\x00\x00\x00\x00\x00\x00\x00\x00\x00\x00\x00\x00\x00'
56457,364,293,306,306,92,b'LV_m092_EventHit_P\x00\x00\x00\x00\x00\x00\x00\x00\x00\x00\x00\x00\x00\x00'
56605,365,293,307,307,92,b'LV_m092_EventHit_P\x00\x00\x00\x00\x00\x00\x00\x00\x00\x00\x00\x00\x00\x00'
56753,366,293,308,308,92,b'LV_m092_EventHit_P\x00\x00\x00\x00\x00\x00\x00\x00\x00\x00\x00\x00\x00\x00'
56901,367,293,309,309,92,b'LV_m092_EventHit_P\x00\x00\x00\x00\x00\x00\x00\x00\x00\x00\x00\x00\x00\x00'
57049,368,293,310,310,92,b'LV_m092_EventHit_P\x00\x00\x00\x00\x00\x00\x00\x00\x00\x00\x00\x00\x00\x00'
57197,369,293,311,311,92,b'LV_m092_EventHit_P\x00\x00\x00\x00\x00\x00\x00\x00\x00\x00\x00\x00\x00\x00'
57345,370,293,312,312,92,b'LV_m092_EventHit_P\x00\x00\x00\x00\x00\x00\x00\x00\x00\x00\x00\x00\x00\x00'
57493,371,297,313,313,92,b'LV_m092_EventHit_P\x00\x00\x00\x00\x00\x00\x00\x00\x00\x00\x00\x00\x00\x00'
57641,372,313,317,317,92,b'LV_m092_EventHit_P\x00\x00\x00\x00\x00\x00\x00\x00\x00\x00\x00\x00\x00\x00'
57789,373,313,314,314,92,b'LV_E2250\x00\x00\x00\x00\x00\x00\x00\x00\x00\x00\x00\x00\x00\x00\x00\x00\x00\x00\x00\x00\x00\x00\x00\x00'
57937,357,0,0,0,0,b'0\x00\x00\x00\x00\x00\x00\x00\x00\x00\x00\x00\x00\x00\x00\x00\x00\x00\x00\x00\x00\x00\x00\x00\x00\x00\x00\x00\x00\x00\x00\x00'
58085,374,314,315,315,211,b'LV_E2255\x00\x00\x00\x00\x00\x00\x00\x00\x00\x00\x00\x00\x00\x00\x00\x00\x00\x00\x00\x00\x00\x00\x00\x00'
58233,375,315,316,316,211,b'LV_E2260\x00\x00\x00\x00\x00\x00\x00\x00\x00\x00\x00\x00\x00\x00\x00\x00\x00\x00\x00\x00\x00\x00\x00\x00'
58381,376,315,318,318,62,b'LV_E2270\x00\x00\x00\x00\x00\x00\x00\x00\x00\x00\x00\x00\x00\x00\x00\x00\x00\x00\x00\x00\x00\x00\x00\x00'
58529,377,318,319,319,62,b'LV_m062_EventHit_P\x00\x00\x00\x00\x00\x00\x00\x00\x00\x00\x00\x00\x00\x00'
58677,577,319,7229,7229,62,b'LV_m062_EventHit_P\x00\x00\x00\x00\x00\x00\x00\x00\x00\x00\x00\x00\x00\x00'
58825,378,319,320,320,62,b'LV_m062_EventHit_P\x00\x00\x00\x00\x00\x00\x00\x00\x00\x00\x00\x00\x00\x00'
58973,379,319,321,321,62,b'LV_m062_EventHit_P\x00\x00\x00\x00\x00\x00\x00\x00\x00\x00\x00\x00\x00\x00'
59121,380,319,322,322,62,b'LV_m062_EventHit_P\x00\x00\x00\x00\x00\x00\x00\x00\x00\x00\x00\x00\x00\x00'
59269,381,319,323,323,62,b'LV_m062_EventHit_P\x00\x00\x00\x00\x00\x00\x00\x00\x00\x00\x00\x00\x00\x00'
59417,382,320,324,324,62,b'LV_m062_EventHit_P\x00\x00\x00\x00\x00\x00\x00\x00\x00\x00\x00\x00\x00\x00'
59565,383,324,325,325,62,b'LV_m062_EventHit_P\x00\x00\x00\x00\x00\x00\x00\x00\x00\x00\x00\x00\x00\x00'
59713,578,324,7230,7230,62,b'LV_m062_EventHit_P\x00\x00\x00\x00\x00\x00\x00\x00\x00\x00\x00\x00\x00\x00'
59861,384,325,326,326,62,b'LV_m062_EventHit_P\x00\x00\x00\x00\x00\x00\x00\x00\x00\x00\x00\x00\x00\x00'
60009,385,325,327,327,62,b'LV_m062_EventHit_P\x00\x00\x00\x00\x00\x00\x00\x00\x00\x00\x00\x00\x00\x00'
60157,386,325,328,328,62,b'LV_m062_EventHit_P\x00\x00\x00\x00\x00\x00\x00\x00\x00\x00\x00\x00\x00\x00'
60305,387,325,329,329,62,b'LV_m062_EventHit_P\x00\x00\x00\x00\x00\x00\x00\x00\x00\x00\x00\x00\x00\x00'
60453,388,329,330,330,62,b'LV_m062_EventHit_P\x00\x00\x00\x00\x00\x00\x00\x00\x00\x00\x00\x00\x00\x00'
60601,389,329,331,331,62,b'LV_E2290\x00\x00\x00\x00\x00\x00\x00\x00\x00\x00\x00\x00\x00\x00\x00\x00\x00\x00\x00\x00\x00\x00\x00\x00'
60749,390,331,332,332,62,b'LV_m062_EventHit_P\x00\x00\x00\x00\x00\x00\x00\x00\x00\x00\x00\x00\x00\x00'
60897,391,332,333,333,62,b'LV_m062_EventHit_P\x00\x00\x00\x00\x00\x00\x00\x00\x00\x00\x00\x00\x00\x00'
61045,392,333,334,334,62,b'LV_m062_EventHit_P\x00\x00\x00\x00\x00\x00\x00\x00\x00\x00\x00\x00\x00\x00'
61193,393,334,335,335,62,b'LV_E2297\x00\x00\x00\x00\x00\x00\x00\x00\x00\x00\x00\x00\x00\x00\x00\x00\x00\x00\x00\x00\x00\x00\x00\x00'
61341,394,335,336,336,62,b'LV_m062_EventHit_P\x00\x00\x00\x00\x00\x00\x00\x00\x00\x00\x00\x00\x00\x00'
61489,395,336,337,337,62,b'LV_m062_EventHit_P\x00\x00\x00\x00\x00\x00\x00\x00\x00\x00\x00\x00\x00\x00'
61637,396,0,0,0,0,b'0\x00\x00\x00\x00\x00\x00\x00\x00\x00\x00\x00\x00\x00\x00\x00\x00\x00\x00\x00\x00\x00\x00\x00\x00\x00\x00\x00\x00\x00\x00\x00'
61785,397,338,339,339,62,b'LV_m062_EventHit_P\x00\x00\x00\x00\x00\x00\x00\x00\x00\x00\x00\x00\x00\x00'
61933,398,339,340,340,62,b'LV_m062_EventHit_P\x00\x00\x00\x00\x00\x00\x00\x00\x00\x00\x00\x00\x00\x00'
62081,399,340,346,341,62,b'LV_m062_EventHit_P\x00\x00\x00\x00\x00\x00\x00\x00\x00\x00\x00\x00\x00\x00'
62229,400,341,342,342,62,b'LV_m062_EventHit_P\x00\x00\x00\x00\x00\x00\x00\x00\x00\x00\x00\x00\x00\x00'
62377,401,341,343,343,62,b'LV_m062_EventHit_P\x00\x00\x00\x00\x00\x00\x00\x00\x00\x00\x00\x00\x00\x00'
62525,402,341,344,344,62,b'LV_m062_EventHit_P\x00\x00\x00\x00\x00\x00\x00\x00\x00\x00\x00\x00\x00\x00'
62673,403,345,346,346,62,b'LV_m062_EventHit_P\x00\x00\x00\x00\x00\x00\x00\x00\x00\x00\x00\x00\x00\x00'
62821,404,346,347,347,62,b'LV_E2310\x00\x00\x00\x00\x00\x00\x00\x00\x00\x00\x00\x00\x00\x00\x00\x00\x00\x00\x00\x00\x00\x00\x00\x00'
62969,556,347,503,503,62,b'LV_m062_EventHit_P\x00\x00\x00\x00\x00\x00\x00\x00\x00\x00\x00\x00\x00\x00'
63117,405,347,348,348,62,b'LV_m062_EventHit_P\x00\x00\x00\x00\x00\x00\x00\x00\x00\x00\x00\x00\x00\x00'
63265,406,348,349,349,62,b'LV_E2320\x00\x00\x00\x00\x00\x00\x00\x00\x00\x00\x00\x00\x00\x00\x00\x00\x00\x00\x00\x00\x00\x00\x00\x00'
63413,407,349,352,352,62,b'LV_E2325\x00\x00\x00\x00\x00\x00\x00\x00\x00\x00\x00\x00\x00\x00\x00\x00\x00\x00\x00\x00\x00\x00\x00\x00'
63561,319,352,454,454,62,b'LV_m062_EventHit_P\x00\x00\x00\x00\x00\x00\x00\x00\x00\x00\x00\x00\x00\x00'
63709,408,454,353,0,62,b'LV_E2330\x00\x00\x00\x00\x00\x00\x00\x00\x00\x00\x00\x00\x00\x00\x00\x00\x00\x00\x00\x00\x00\x00\x00\x00'
63857,552,454,353,353,62,b'LV_m062_EventHit_P\x00\x00\x00\x00\x00\x00\x00\x00\x00\x00\x00\x00\x00\x00'
64005,411,353,356,356,85,b'LV_m085_02_EventHit_P\x00\x00\x00\x00\x00\x00\x00\x00\x00\x00\x00'
64153,412,356,357,357,85,b'LV_m085_02_EventHit_P\x00\x00\x00\x00\x00\x00\x00\x00\x00\x00\x00'
64301,413,357,455,455,50,b'LV_TokyoEventHit_P\x00\x00\x00\x00\x00\x00\x00\x00\x00\x00\x00\x00\x00\x00'
64449,502,357,460,456,87,b'LV_m087_01_EventHit_P\x00\x00\x00\x00\x00\x00\x00\x00\x00\x00\x00'
64597,503,357,460,457,87,b'LV_m087_01_EventHit_P\x00\x00\x00\x00\x00\x00\x00\x00\x00\x00\x00'
64745,504,357,460,458,87,b'LV_m087_01_EventHit_P\x00\x00\x00\x00\x00\x00\x00\x00\x00\x00\x00'
64893,505,357,460,459,83,b'LV_m083_01_EventHit_P\x00\x00\x00\x00\x00\x00\x00\x00\x00\x00\x00'
65041,506,461,460,460,85,b'LV_m085_02_EventHit_P\x00\x00\x00\x00\x00\x00\x00\x00\x00\x00\x00'
65189,409,460,354,354,115,b'LV_m115_01_EventHit_P\x00\x00\x00\x00\x00\x00\x00\x00\x00\x00\x00'
65337,507,354,462,462,203,b'LV_E2440\x00\x00\x00\x00\x00\x00\x00\x00\x00\x00\x00\x00\x00\x00\x00\x00\x00\x00\x00\x00\x00\x00\x00\x00'
65485,410,462,355,355,115,b'LV_m115_01_EventHit_P\x00\x00\x00\x00\x00\x00\x00\x00\x00\x00\x00'
65633,508,355,463,463,85,b'LV_m085_02_EventHit_P\x00\x00\x00\x00\x00\x00\x00\x00\x00\x00\x00'
65781,579,463,7231,7231,87,b'LV_m087_01_EventHit_P\x00\x00\x00\x00\x00\x00\x00\x00\x00\x00\x00'
65929,509,463,359,359,87,b'LV_m087_01_EventHit_P\x00\x00\x00\x00\x00\x00\x00\x00\x00\x00\x00'
66077,414,464,359,359,64,b'LV_E2500\x00\x00\x00\x00\x00\x00\x00\x00\x00\x00\x00\x00\x00\x00\x00\x00\x00\x00\x00\x00\x00\x00\x00\x00'
66225,531,359,361,361,64,b'LV_m064_EventHit\x00\x00\x00\x00\x00\x00\x00\x00\x00\x00\x00\x00\x00\x00\x00\x00'
66373,442,359,465,465,64,b'LV_m064_EventHit\x00\x00\x00\x00\x00\x00\x00\x00\x00\x00\x00\x00\x00\x00\x00\x00'
66521,580,359,390,390,64,b'LV_m064_EventHit\x00\x00\x00\x00\x00\x00\x00\x00\x00\x00\x00\x00\x00\x00\x00\x00'
66669,510,465,466,466,64,b'LV_m064_EventHit\x00\x00\x00\x00\x00\x00\x00\x00\x00\x00\x00\x00\x00\x00\x00\x00'
66817,581,466,7233,7233,64,b'LV_m064_EventHit\x00\x00\x00\x00\x00\x00\x00\x00\x00\x00\x00\x00\x00\x00\x00\x00'
66965,511,466,467,467,64,b'LV_m064_EventHit\x00\x00\x00\x00\x00\x00\x00\x00\x00\x00\x00\x00\x00\x00\x00\x00'
67113,415,359,468,468,64,b'LV_E2519\x00\x00\x00\x00\x00\x00\x00\x00\x00\x00\x00\x00\x00\x00\x00\x00\x00\x00\x00\x00\x00\x00\x00\x00'
67261,416,468,360,360,64,b'LV_m064_EventHit\x00\x00\x00\x00\x00\x00\x00\x00\x00\x00\x00\x00\x00\x00\x00\x00'
67409,512,360,469,469,64,b'LV_m064_EventHit\x00\x00\x00\x00\x00\x00\x00\x00\x00\x00\x00\x00\x00\x00\x00\x00'
67557,417,359,470,470,64,b'LV_m064_EventHit\x00\x00\x00\x00\x00\x00\x00\x00\x00\x00\x00\x00\x00\x00\x00\x00'
67705,513,470,363,363,64,b'LV_E2560\x00\x00\x00\x00\x00\x00\x00\x00\x00\x00\x00\x00\x00\x00\x00\x00\x00\x00\x00\x00\x00\x00\x00\x00'
67853,418,363,362,362,64,b'LV_m064_EventHit\x00\x00\x00\x00\x00\x00\x00\x00\x00\x00\x00\x00\x00\x00\x00\x00'
68001,582,362,7234,7234,85,b'LV_m085_01_EventHit_P\x00\x00\x00\x00\x00\x00\x00\x00\x00\x00\x00'
68149,420,362,365,365,85,b'LV_m085_02_EventHit_P\x00\x00\x00\x00\x00\x00\x00\x00\x00\x00\x00'
68297,514,365,471,471,115,b'LV_m115_01_EventHit_P\x00\x00\x00\x00\x00\x00\x00\x00\x00\x00\x00'
68445,515,471,472,472,115,b'LV_E2605\x00\x00\x00\x00\x00\x00\x00\x00\x00\x00\x00\x00\x00\x00\x00\x00\x00\x00\x00\x00\x00\x00\x00\x00'
68593,532,472,389,389,115,b'LV_m115_01_EventHit_P\x00\x00\x00\x00\x00\x00\x00\x00\x00\x00\x00'
68741,533,389,275,275,61,b'LV_m061_EventHit_E2600After_P\x00\x00\x00'
68889,421,471,366,366,61,b'LV_m061_EventHit_E2600After_P\x00\x00\x00'
69037,488,366,438,438,61,b'LV_m061_EventHit_E2600After_P\x00\x00\x00'
69185,422,366,367,367,61,b'LV_m061_EventHit_E2600After_P\x00\x00\x00'
69333,516,367,473,473,61,b'LV_E2623\x00\x00\x00\x00\x00\x00\x00\x00\x00\x00\x00\x00\x00\x00\x00\x00\x00\x00\x00\x00\x00\x00\x00\x00'
69481,423,367,368,368,61,b'LV_m061_EventHit_E2600After_P\x00\x00\x00'
69629,424,368,369,369,85,b'LV_m085_01_EventHit_P\x00\x00\x00\x00\x00\x00\x00\x00\x00\x00\x00'
69777,517,369,474,474,85,b'LV_E2633\x00\x00\x00\x00\x00\x00\x00\x00\x00\x00\x00\x00\x00\x00\x00\x00\x00\x00\x00\x00\x00\x00\x00\x00'
69925,518,474,475,475,85,b'LV_m085_01_EventHit_P\x00\x00\x00\x00\x00\x00\x00\x00\x00\x00\x00'
70073,583,369,7235,7235,64,b'LV_m064_EventHit\x00\x00\x00\x00\x00\x00\x00\x00\x00\x00\x00\x00\x00\x00\x00\x00'
70221,425,7235,370,370,64,b'LV_E2640\x00\x00\x00\x00\x00\x00\x00\x00\x00\x00\x00\x00\x00\x00\x00\x00\x00\x00\x00\x00\x00\x00\x00\x00'
70369,519,370,386,386,64,b'LV_m064_EventHit\x00\x00\x00\x00\x00\x00\x00\x00\x00\x00\x00\x00\x00\x00\x00\x00'
70517,326,386,476,476,64,b'LV_E2643\x00\x00\x00\x00\x00\x00\x00\x00\x00\x00\x00\x00\x00\x00\x00\x00\x00\x00\x00\x00\x00\x00\x00\x00'
70665,529,476,387,387,64,b'LV_m064_EventHit\x00\x00\x00\x00\x00\x00\x00\x00\x00\x00\x00\x00\x00\x00\x00\x00'
70813,419,387,477,477,64,b'LV_E2645\x00\x00\x00\x00\x00\x00\x00\x00\x00\x00\x00\x00\x00\x00\x00\x00\x00\x00\x00\x00\x00\x00\x00\x00'
70961,557,477,504,504,64,b'LV_m064_EventHit\x00\x00\x00\x00\x00\x00\x00\x00\x00\x00\x00\x00\x00\x00\x00\x00'
71109,559,359,507,507,64,b'LV_m064_EventHit\x00\x00\x00\x00\x00\x00\x00\x00\x00\x00\x00\x00\x00\x00\x00\x00'
71257,520,477,478,478,64,b'LV_E2648\x00\x00\x00\x00\x00\x00\x00\x00\x00\x00\x00\x00\x00\x00\x00\x00\x00\x00\x00\x00\x00\x00\x00\x00'
71405,426,478,371,371,64,b'LV_m064_01_EventHit\x00\x00\x00\x00\x00\x00\x00\x00\x00\x00\x00\x00\x00'
71553,427,371,372,372,85,b'LV_m085_02_EventHit_P\x00\x00\x00\x00\x00\x00\x00\x00\x00\x00\x00'
71701,428,372,373,373,80,b'LV_m080_01_EventHit_P\x00\x00\x00\x00\x00\x00\x00\x00\x00\x00\x00'
71849,489,373,439,439,50,b'LV_TokyoEventHit_P\x00\x00\x00\x00\x00\x00\x00\x00\x00\x00\x00\x00\x00\x00'
71997,429,373,374,374,87,b'LV_E2680\x00\x00\x00\x00\x00\x00\x00\x00\x00\x00\x00\x00\x00\x00\x00\x00\x00\x00\x00\x00\x00\x00\x00\x00'
72145,430,374,375,375,87,b'LV_E2685\x00\x00\x00\x00\x00\x00\x00\x00\x00\x00\x00\x00\x00\x00\x00\x00\x00\x00\x00\x00\x00\x00\x00\x00'
72293,521,375,479,479,85,b'LV_m085_02_EventHit_P\x00\x00\x00\x00\x00\x00\x00\x00\x00\x00\x00'
72441,574,479,7224,7224,64,b'LV_m064_EventHit\x00\x00\x00\x00\x00\x00\x00\x00\x00\x00\x00\x00\x00\x00\x00\x00'
72589,431,479,376,376,64,b'LV_E2700\x00\x00\x00\x00\x00\x00\x00\x00\x00\x00\x00\x00\x00\x00\x00\x00\x00\x00\x00\x00\x00\x00\x00\x00'
72737,584,376,7236,7236,64,b'LV_m064_EventHit\x00\x00\x00\x00\x00\x00\x00\x00\x00\x00\x00\x00\x00\x00\x00\x00'
72885,490,479,440,440,64,b'LV_m064_EventHit\x00\x00\x00\x00\x00\x00\x00\x00\x00\x00\x00\x00\x00\x00\x00\x00'
73033,522,440,480,480,64,b'LV_E2703\x00\x00\x00\x00\x00\x00\x00\x00\x00\x00\x00\x00\x00\x00\x00\x00\x00\x00\x00\x00\x00\x00\x00\x00'
73181,523,480,481,481,64,b'LV_E2705\x00\x00\x00\x00\x00\x00\x00\x00\x00\x00\x00\x00\x00\x00\x00\x00\x00\x00\x00\x00\x00\x00\x00\x00'
73329,585,481,7237,7237,64,b'LV_m064_EventHit\x00\x00\x00\x00\x00\x00\x00\x00\x00\x00\x00\x00\x00\x00\x00\x00'
73477,596,481,7294,7294,64,b'LV_m064_EventHit\x00\x00\x00\x00\x00\x00\x00\x00\x00\x00\x00\x00\x00\x00\x00\x00'
73625,491,481,441,441,64,b'LV_m064_EventHit\x00\x00\x00\x00\x00\x00\x00\x00\x00\x00\x00\x00\x00\x00\x00\x00'
73773,432,441,377,0,64,b'LV_E2710\x00\x00\x00\x00\x00\x00\x00\x00\x00\x00\x00\x00\x00\x00\x00\x00\x00\x00\x00\x00\x00\x00\x00\x00'
73921,524,441,377,377,203,b'LV_E2713\x00\x00\x00\x00\x00\x00\x00\x00\x00\x00\x00\x00\x00\x00\x00\x00\x00\x00\x00\x00\x00\x00\x00\x00'
74069,525,0,0,0,0,b'0\x00\x00\x00\x00\x00\x00\x00\x00\x00\x00\x00\x00\x00\x00\x00\x00\x00\x00\x00\x00\x00\x00\x00\x00\x00\x00\x00\x00\x00\x00\x00'
74217,530,0,0,0,0,b'0\x00\x00\x00\x00\x00\x00\x00\x00\x00\x00\x00\x00\x00\x00\x00\x00\x00\x00\x00\x00\x00\x00\x00\x00\x00\x00\x00\x00\x00\x00\x00'
74365,433,377,483,483,203,b'LV_E2717\x00\x00\x00\x00\x00\x00\x00\x00\x00\x00\x00\x00\x00\x00\x00\x00\x00\x00\x00\x00\x00\x00\x00\x00'
74513,526,483,484,484,203,b'LV_m203_01_EventHit_P\x00\x00\x00\x00\x00\x00\x00\x00\x00\x00\x00'
74661,435,484,379,379,203,b'LV_E2730\x00\x00\x00\x00\x00\x00\x00\x00\x00\x00\x00\x00\x00\x00\x00\x00\x00\x00\x00\x00\x00\x00\x00\x00'
74809,434,379,380,380,203,b'LV_E2720M\x00\x00\x00\x00\x00\x00\x00\x00\x00\x00\x00\x00\x00\x00\x00\x00\x00\x00\x00\x00\x00\x00\x00'
74957,436,380,381,381,203,b'LV_E2735\x00\x00\x00\x00\x00\x00\x00\x00\x00\x00\x00\x00\x00\x00\x00\x00\x00\x00\x00\x00\x00\x00\x00\x00'
75105,527,381,385,385,64,b'LV_E2740\x00\x00\x00\x00\x00\x00\x00\x00\x00\x00\x00\x00\x00\x00\x00\x00\x00\x00\x00\x00\x00\x00\x00\x00'
75253,438,385,383,383,64,b'LV_E2760\x00\x00\x00\x00\x00\x00\x00\x00\x00\x00\x00\x00\x00\x00\x00\x00\x00\x00\x00\x00\x00\x00\x00\x00'
75401,439,383,384,384,89,b'LV_E2770\x00\x00\x00\x00\x00\x00\x00\x00\x00\x00\x00\x00\x00\x00\x00\x00\x00\x00\x00\x00\x00\x00\x00\x00'
75549,440,0,0,0,89,b'0\x00\x00\x00\x00\x00\x00\x00\x00\x00\x00\x00\x00\x00\x00\x00\x00\x00\x00\x00\x00\x00\x00\x00\x00\x00\x00\x00\x00\x00\x00\x00'
75697,441,0,0,0,89,b'LV_E2790\x00\x00\x00\x00\x00\x00\x00\x00\x00\x00\x00\x00\x00\x00\x00\x00\x00\x00\x00\x00\x00\x00\x00\x00'
75845,443,384,391,391,64,b'LV_m064_EventHit\x00\x00\x00\x00\x00\x00\x00\x00\x00\x00\x00\x00\x00\x00\x00\x00'
75993,572,392,7747,7747,64,b'LV_m064_EventHit\x00\x00\x00\x00\x00\x00\x00\x00\x00\x00\x00\x00\x00\x00\x00\x00'
76141,444,391,392,392,64,b'LV_m064_EventHit\x00\x00\x00\x00\x00\x00\x00\x00\x00\x00\x00\x00\x00\x00\x00\x00'
76289,590,392,7232,7232,64,b'LV_m064_EventHit\x00\x00\x00\x00\x00\x00\x00\x00\x00\x00\x00\x00\x00\x00\x00\x00'
76437,445,7232,393,393,38,b'LV_m038_1F_EventHit\x00\x00\x00\x00\x00\x00\x00\x00\x00\x00\x00\x00\x00'
76585,586,393,7238,7238,38,b'LV_m038_1F_EventHit\x00\x00\x00\x00\x00\x00\x00\x00\x00\x00\x00\x00\x00'
76733,587,7238,7239,7239,38,b'LV_m038_2F_EventHit\x00\x00\x00\x00\x00\x00\x00\x00\x00\x00\x00\x00\x00'
76881,588,7239,7240,7240,38,b'LV_m038_3F_EventHit\x00\x00\x00\x00\x00\x00\x00\x00\x00\x00\x00\x00\x00'
77029,492,393,442,442,38,b'LV_m038_4F_EventHit\x00\x00\x00\x00\x00\x00\x00\x00\x00\x00\x00\x00\x00'
77177,595,393,394,0,38,b'LV_m038_4F_EventHit\x00\x00\x00\x00\x00\x00\x00\x00\x00\x00\x00\x00\x00'
77325,446,393,394,394,38,b'LV_E2920\x00\x00\x00\x00\x00\x00\x00\x00\x00\x00\x00\x00\x00\x00\x00\x00\x00\x00\x00\x00\x00\x00\x00\x00'
77473,447,394,395,395,38,b'LV_m038_4F_EventHit\x00\x00\x00\x00\x00\x00\x00\x00\x00\x00\x00\x00\x00'
77621,448,395,396,396,64,b'LV_m064_EventHit\x00\x00\x00\x00\x00\x00\x00\x00\x00\x00\x00\x00\x00\x00\x00\x00'
77769,534,396,508,508,85,b'LV_m085_02_EventHit_P\x00\x00\x00\x00\x00\x00\x00\x00\x00\x00\x00'
77917,449,508,397,397,85,b'LV_m085_01_EventHit_P\x00\x00\x00\x00\x00\x00\x00\x00\x00\x00\x00'
78065,450,397,398,398,105,b'LV_E2970\x00\x00\x00\x00\x00\x00\x00\x00\x00\x00\x00\x00\x00\x00\x00\x00\x00\x00\x00\x00\x00\x00\x00\x00'
78213,535,398,509,509,85,b'LV_E2980\x00\x00\x00\x00\x00\x00\x00\x00\x00\x00\x00\x00\x00\x00\x00\x00\x00\x00\x00\x00\x00\x00\x00\x00'
78361,451,509,399,399,60,b'LV_E3000\x00\x00\x00\x00\x00\x00\x00\x00\x00\x00\x00\x00\x00\x00\x00\x00\x00\x00\x00\x00\x00\x00\x00\x00'
78509,452,399,400,400,60,b'LV_m060_EventHit_P\x00\x00\x00\x00\x00\x00\x00\x00\x00\x00\x00\x00\x00\x00'
78657,453,400,401,0,60,b'LV_m060_EventHit_P\x00\x00\x00\x00\x00\x00\x00\x00\x00\x00\x00\x00\x00\x00'
78805,454,400,401,0,60,b'LV_m060_EventHit_P\x00\x00\x00\x00\x00\x00\x00\x00\x00\x00\x00\x00\x00\x00'
78953,455,0,0,0,0,b'0\x00\x00\x00\x00\x00\x00\x00\x00\x00\x00\x00\x00\x00\x00\x00\x00\x00\x00\x00\x00\x00\x00\x00\x00\x00\x00\x00\x00\x00\x00\x00'
79101,456,399,404,404,60,b'LV_m060_EventHit_P\x00\x00\x00\x00\x00\x00\x00\x00\x00\x00\x00\x00\x00\x00'
79249,457,0,0,0,0,b'0\x00\x00\x00\x00\x00\x00\x00\x00\x00\x00\x00\x00\x00\x00\x00\x00\x00\x00\x00\x00\x00\x00\x00\x00\x00\x00\x00\x00\x00\x00\x00'
79397,458,405,406,406,60,b'LV_m060_EventHit_P\x00\x00\x00\x00\x00\x00\x00\x00\x00\x00\x00\x00\x00\x00'
79545,536,406,276,276,85,b'LV_m085_01_EventHit_P\x00\x00\x00\x00\x00\x00\x00\x00\x00\x00\x00'
79693,459,276,407,407,82,b'LV_m082_01_EventHit_P\x00\x00\x00\x00\x00\x00\x00\x00\x00\x00\x00'
79841,460,407,408,0,87,b'LV_E3040\x00\x00\x00\x00\x00\x00\x00\x00\x00\x00\x00\x00\x00\x00\x00\x00\x00\x00\x00\x00\x00\x00\x00\x00'
79989,461,407,408,408,87,b'LV_m087_01_EventHit_P\x00\x00\x00\x00\x00\x00\x00\x00\x00\x00\x00'
80137,493,399,443,443,60,b'LV_m060_EventHit_P\x00\x00\x00\x00\x00\x00\x00\x00\x00\x00\x00\x00\x00\x00'
80285,462,399,410,410,60,b'LV_E3100\x00\x00\x00\x00\x00\x00\x00\x00\x00\x00\x00\x00\x00\x00\x00\x00\x00\x00\x00\x00\x00\x00\x00\x00'
80433,463,410,411,411,60,b'LV_m060_EventHit_P\x00\x00\x00\x00\x00\x00\x00\x00\x00\x00\x00\x00\x00\x00'
80581,494,399,444,444,60,b'LV_m060_EventHit_P\x00\x00\x00\x00\x00\x00\x00\x00\x00\x00\x00\x00\x00\x00'
80729,464,399,412,412,60,b'LV_E3120\x00\x00\x00\x00\x00\x00\x00\x00\x00\x00\x00\x00\x00\x00\x00\x00\x00\x00\x00\x00\x00\x00\x00\x00'
80877,465,412,413,413,60,b'LV_m060_EventHit_P\x00\x00\x00\x00\x00\x00\x00\x00\x00\x00\x00\x00\x00\x00'
81025,495,0,0,0,0,b'0\x00\x00\x00\x00\x00\x00\x00\x00\x00\x00\x00\x00\x00\x00\x00\x00\x00\x00\x00\x00\x00\x00\x00\x00\x00\x00\x00\x00\x00\x00\x00'
81173,468,399,416,0,60,b'LV_m060_EventHit_P\x00\x00\x00\x00\x00\x00\x00\x00\x00\x00\x00\x00\x00\x00'
81321,469,416,417,417,60,b'LV_m060_EventHit_P\x00\x00\x00\x00\x00\x00\x00\x00\x00\x00\x00\x00\x00\x00'
81469,589,417,7241,7241,35,b'LV_m035_3F_EventHit\x00\x00\x00\x00\x00\x00\x00\x00\x00\x00\x00\x00\x00'
81617,466,417,414,414,35,b'LV_m035_4F_EventHit\x00\x00\x00\x00\x00\x00\x00\x00\x00\x00\x00\x00\x00'
81765,467,414,415,415,35,b'LV_m035_4F_EventHit\x00\x00\x00\x00\x00\x00\x00\x00\x00\x00\x00\x00\x00'
81913,496,415,446,446,35,b'LV_m035_4F_EventHit\x00\x00\x00\x00\x00\x00\x00\x00\x00\x00\x00\x00\x00'
82061,598,415,418,0,35,b'LV_m035_4F_EventHit\x00\x00\x00\x00\x00\x00\x00\x00\x00\x00\x00\x00\x00'
82209,470,415,418,418,35,b'LV_E3250\x00\x00\x00\x00\x00\x00\x00\x00\x00\x00\x00\x00\x00\x00\x00\x00\x00\x00\x00\x00\x00\x00\x00\x00'
82357,471,418,419,419,15,b'LV_E3260\x00\x00\x00\x00\x00\x00\x00\x00\x00\x00\x00\x00\x00\x00\x00\x00\x00\x00\x00\x00\x00\x00\x00\x00'
82505,472,419,420,420,35,b'LV_E3300\x00\x00\x00\x00\x00\x00\x00\x00\x00\x00\x00\x00\x00\x00\x00\x00\x00\x00\x00\x00\x00\x00\x00\x00'
82653,473,420,421,421,35,b'LV_E3310\x00\x00\x00\x00\x00\x00\x00\x00\x00\x00\x00\x00\x00\x00\x00\x00\x00\x00\x00\x00\x00\x00\x00\x00'
82801,474,421,422,422,16,b'LV_E3320\x00\x00\x00\x00\x00\x00\x00\x00\x00\x00\x00\x00\x00\x00\x00\x00\x00\x00\x00\x00\x00\x00\x00\x00'
82949,558,422,505,505,16,b'LV_m016_01_EventHit_P\x00\x00\x00\x00\x00\x00\x00\x00\x00\x00\x00'
83097,498,422,448,448,16,b'LV_m016_01_EventHit_P\x00\x00\x00\x00\x00\x00\x00\x00\x00\x00\x00'
83245,499,422,449,449,16,b'LV_m016_01_EventHit_P\x00\x00\x00\x00\x00\x00\x00\x00\x00\x00\x00'
83393,500,422,450,450,16,b'LV_m016_01_EventHit_P\x00\x00\x00\x00\x00\x00\x00\x00\x00\x00\x00'
83541,497,422,447,447,16,b'LV_m016_01_EventHit_P\x00\x00\x00\x00\x00\x00\x00\x00\x00\x00\x00'
83689,475,422,423,423,94,b'LV_E3330\x00\x00\x00\x00\x00\x00\x00\x00\x00\x00\x00\x00\x00\x00\x00\x00\x00\x00\x00\x00\x00\x00\x00\x00'
83837,476,423,424,424,94,b'LV_E3340\x00\x00\x00\x00\x00\x00\x00\x00\x00\x00\x00\x00\x00\x00\x00\x00\x00\x00\x00\x00\x00\x00\x00\x00'
83985,569,424,425,0,94,b'LV_m094_01_EventHit_P\x00\x00\x00\x00\x00\x00\x00\x00\x00\x00\x00'
84133,477,424,425,425,203,b'LV_E3350\x00\x00\x00\x00\x00\x00\x00\x00\x00\x00\x00\x00\x00\x00\x00\x00\x00\x00\x00\x00\x00\x00\x00\x00'
84281,537,425,485,485,203,b'LV_E3352\x00\x00\x00\x00\x00\x00\x00\x00\x00\x00\x00\x00\x00\x00\x00\x00\x00\x00\x00\x00\x00\x00\x00\x00'
84429,538,485,486,486,203,b'LV_m203_01_EventHit_P\x00\x00\x00\x00\x00\x00\x00\x00\x00\x00\x00'
84577,539,485,487,487,203,b'LV_m203_01_EventHit_P\x00\x00\x00\x00\x00\x00\x00\x00\x00\x00\x00'
84725,478,485,488,488,203,b'LV_E3355\x00\x00\x00\x00\x00\x00\x00\x00\x00\x00\x00\x00\x00\x00\x00\x00\x00\x00\x00\x00\x00\x00\x00\x00'
84873,479,488,426,426,203,b'LV_E3358\x00\x00\x00\x00\x00\x00\x00\x00\x00\x00\x00\x00\x00\x00\x00\x00\x00\x00\x00\x00\x00\x00\x00\x00'
85021,480,427,427,427,94,b'LV_E3360\x00\x00\x00\x00\x00\x00\x00\x00\x00\x00\x00\x00\x00\x00\x00\x00\x00\x00\x00\x00\x00\x00\x00\x00'
85169,540,427,428,428,94,b'LV_E1000\x00\x00\x00\x00\x00\x00\x00\x00\x00\x00\x00\x00\x00\x00\x00\x00\x00\x00\x00\x00\x00\x00\x00\x00'
85317,549,428,497,497,94,b'LV_m094_01_EventHit_P\x00\x00\x00\x00\x00\x00\x00\x00\x00\x00\x00'
85465,541,497,489,489,17,b'LV_E1010\x00\x00\x00\x00\x00\x00\x00\x00\x00\x00\x00\x00\x00\x00\x00\x00\x00\x00\x00\x00\x00\x00\x00\x00'
85613,542,489,490,490,17,b'LV_E1015\x00\x00\x00\x00\x00\x00\x00\x00\x00\x00\x00\x00\x00\x00\x00\x00\x00\x00\x00\x00\x00\x00\x00\x00'
85761,570,490,0,0,96,b'LV_E3387\x00\x00\x00\x00\x00\x00\x00\x00\x00\x00\x00\x00\x00\x00\x00\x00\x00\x00\x00\x00\x00\x00\x00\x00'
85909,481,0,429,429,96,b'LV_E3390M\x00\x00\x00\x00\x00\x00\x00\x00\x00\x00\x00\x00\x00\x00\x00\x00\x00\x00\x00\x00\x00\x00\x00'
86057,482,423,430,430,94,b'LV_E3400\x00\x00\x00\x00\x00\x00\x00\x00\x00\x00\x00\x00\x00\x00\x00\x00\x00\x00\x00\x00\x00\x00\x00\x00'
86205,551,430,431,0,94,b'LV_m094_01_EventHit_P\x00\x00\x00\x00\x00\x00\x00\x00\x00\x00\x00'
86353,483,430,431,431,203,b'LV_E3410\x00\x00\x00\x00\x00\x00\x00\x00\x00\x00\x00\x00\x00\x00\x00\x00\x00\x00\x00\x00\x00\x00\x00\x00'
86501,543,431,491,491,203,b'LV_E3415\x00\x00\x00\x00\x00\x00\x00\x00\x00\x00\x00\x00\x00\x00\x00\x00\x00\x00\x00\x00\x00\x00\x00\x00'
86649,544,491,492,492,203,b'LV_m203_01_EventHit_P\x00\x00\x00\x00\x00\x00\x00\x00\x00\x00\x00'
86797,545,491,493,493,203,b'LV_m203_01_EventHit_P\x00\x00\x00\x00\x00\x00\x00\x00\x00\x00\x00'
86945,484,491,432,432,203,b'LV_E3420\x00\x00\x00\x00\x00\x00\x00\x00\x00\x00\x00\x00\x00\x00\x00\x00\x00\x00\x00\x00\x00\x00\x00\x00'
87093,485,432,433,433,203,b'LV_E3425\x00\x00\x00\x00\x00\x00\x00\x00\x00\x00\x00\x00\x00\x00\x00\x00\x00\x00\x00\x00\x00\x00\x00\x00'
87241,486,433,434,434,94,b'LV_E3450\x00\x00\x00\x00\x00\x00\x00\x00\x00\x00\x00\x00\x00\x00\x00\x00\x00\x00\x00\x00\x00\x00\x00\x00'
87389,546,434,494,494,94,b'LV_E3460\x00\x00\x00\x00\x00\x00\x00\x00\x00\x00\x00\x00\x00\x00\x00\x00\x00\x00\x00\x00\x00\x00\x00\x00'
87537,550,494,498,498,94,b'LV_m094_01_EventHit_P\x00\x00\x00\x00\x00\x00\x00\x00\x00\x00\x00'
87685,547,498,495,495,17,b'LV_E1010\x00\x00\x00\x00\x00\x00\x00\x00\x00\x00\x00\x00\x00\x00\x00\x00\x00\x00\x00\x00\x00\x00\x00\x00'
87833,548,495,496,496,17,b'LV_E3475\x00\x00\x00\x00\x00\x00\x00\x00\x00\x00\x00\x00\x00\x00\x00\x00\x00\x00\x00\x00\x00\x00\x00\x00'
87981,571,496,0,0,96,b'LV_E3477\x00\x00\x00\x00\x00\x00\x00\x00\x00\x00\x00\x00\x00\x00\x00\x00\x00\x00\x00\x00\x00\x00\x00\x00'
88129,487,0,435,435,96,b'LV_E3480M\x00\x00\x00\x00\x00\x00\x00\x00\x00\x00\x00\x00\x00\x00\x00\x00\x00\x00\x00\x00\x00\x00\x00'
88277,553,0,0,0,0,b'0\x00\x00\x00\x00\x00\x00\x00\x00\x00\x00\x00\x00\x00\x00\x00\x00\x00\x00\x00\x00\x00\x00\x00\x00\x00\x00\x00\x00\x00\x00\x00'
88425,560,497,489,489,17,b'LV_E1010\x00\x00\x00\x00\x00\x00\x00\x00\x00\x00\x00\x00\x00\x00\x00\x00\x00\x00\x00\x00\x00\x00\x00\x00'
88573,561,498,495,495,17,b'LV_E1010\x00\x00\x00\x00\x00\x00\x00\x00\x00\x00\x00\x00\x00\x00\x00\x00\x00\x00\x00\x00\x00\x00\x00\x00'
88721,599,0,0,0,0,b'0\x00\x00\x00\x00\x00\x00\x00\x00\x00\x00\x00\x00\x00\x00\x00\x00\x00\x00\x00\x00\x00\x00\x00\x00\x00\x00\x00\x00\x00\x00\x00'
88869,600,0,0,0,0,b'0\x00\x00\x00\x00\x00\x00\x00\x00\x00\x00\x00\x00\x00\x00\x00\x00\x00\x00\x00\x00\x00\x00\x00\x00\x00\x00\x00\x00\x00\x00\x00'
89017,601,0,0,0,0,b'0\x00\x00\x00\x00\x00\x00\x00\x00\x00\x00\x00\x00\x00\x00\x00\x00\x00\x00\x00\x00\x00\x00\x00\x00\x00\x00\x00\x00\x00\x00\x00'
89165,602,0,0,0,0,b'0\x00\x00\x00\x00\x00\x00\x00\x00\x00\x00\x00\x00\x00\x00\x00\x00\x00\x00\x00\x00\x00\x00\x00\x00\x00\x00\x00\x00\x00\x00\x00'
89313,603,0,0,0,0,b'0\x00\x00\x00\x00\x00\x00\x00\x00\x00\x00\x00\x00\x00\x00\x00\x00\x00\x00\x00\x00\x00\x00\x00\x00\x00\x00\x00\x00\x00\x00\x00'
89461,604,0,0,0,0,b'0\x00\x00\x00\x00\x00\x00\x00\x00\x00\x00\x00\x00\x00\x00\x00\x00\x00\x00\x00\x00\x00\x00\x00\x00\x00\x00\x00\x00\x00\x00\x00'
89609,605,0,0,0,0,b'0\x00\x00\x00\x00\x00\x00\x00\x00\x00\x00\x00\x00\x00\x00\x00\x00\x00\x00\x00\x00\x00\x00\x00\x00\x00\x00\x00\x00\x00\x00\x00'
89757,606,0,0,0,0,b'0\x00\x00\x00\x00\x00\x00\x00\x00\x00\x00\x00\x00\x00\x00\x00\x00\x00\x00\x00\x00\x00\x00\x00\x00\x00\x00\x00\x00\x00\x00\x00'
89905,607,0,0,0,0,b'0\x00\x00\x00\x00\x00\x00\x00\x00\x00\x00\x00\x00\x00\x00\x00\x00\x00\x00\x00\x00\x00\x00\x00\x00\x00\x00\x00\x00\x00\x00\x00'
90053,608,0,0,0,0,b'0\x00\x00\x00\x00\x00\x00\x00\x00\x00\x00\x00\x00\x00\x00\x00\x00\x00\x00\x00\x00\x00\x00\x00\x00\x00\x00\x00\x00\x00\x00\x00'
90201,609,0,0,0,0,b'0\x00\x00\x00\x00\x00\x00\x00\x00\x00\x00\x00\x00\x00\x00\x00\x00\x00\x00\x00\x00\x00\x00\x00\x00\x00\x00\x00\x00\x00\x00\x00'
90349,610,0,0,0,0,b'0\x00\x00\x00\x00\x00\x00\x00\x00\x00\x00\x00\x00\x00\x00\x00\x00\x00\x00\x00\x00\x00\x00\x00\x00\x00\x00\x00\x00\x00\x00\x00'
90497,611,0,0,0,0,b'0\x00\x00\x00\x00\x00\x00\x00\x00\x00\x00\x00\x00\x00\x00\x00\x00\x00\x00\x00\x00\x00\x00\x00\x00\x00\x00\x00\x00\x00\x00\x00'
90645,612,0,0,0,0,b'0\x00\x00\x00\x00\x00\x00\x00\x00\x00\x00\x00\x00\x00\x00\x00\x00\x00\x00\x00\x00\x00\x00\x00\x00\x00\x00\x00\x00\x00\x00\x00'
90793,613,0,0,0,0,b'0\x00\x00\x00\x00\x00\x00\x00\x00\x00\x00\x00\x00\x00\x00\x00\x00\x00\x00\x00\x00\x00\x00\x00\x00\x00\x00\x00\x00\x00\x00\x00'
90941,614,0,0,0,0,b'0\x00\x00\x00\x00\x00\x00\x00\x00\x00\x00\x00\x00\x00\x00\x00\x00\x00\x00\x00\x00\x00\x00\x00\x00\x00\x00\x00\x00\x00\x00\x00'
91089,615,0,0,0,0,b'0\x00\x00\x00\x00\x00\x00\x00\x00\x00\x00\x00\x00\x00\x00\x00\x00\x00\x00\x00\x00\x00\x00\x00\x00\x00\x00\x00\x00\x00\x00\x00'
91237,616,0,0,0,0,b'0\x00\x00\x00\x00\x00\x00\x00\x00\x00\x00\x00\x00\x00\x00\x00\x00\x00\x00\x00\x00\x00\x00\x00\x00\x00\x00\x00\x00\x00\x00\x00'
91385,617,0,0,0,0,b'0\x00\x00\x00\x00\x00\x00\x00\x00\x00\x00\x00\x00\x00\x00\x00\x00\x00\x00\x00\x00\x00\x00\x00\x00\x00\x00\x00\x00\x00\x00\x00'
91533,618,0,0,0,0,b'0\x00\x00\x00\x00\x00\x00\x00\x00\x00\x00\x00\x00\x00\x00\x00\x00\x00\x00\x00\x00\x00\x00\x00\x00\x00\x00\x00\x00\x00\x00\x00'
91681,619,0,0,0,0,b'0\x00\x00\x00\x00\x00\x00\x00\x00\x00\x00\x00\x00\x00\x00\x00\x00\x00\x00\x00\x00\x00\x00\x00\x00\x00\x00\x00\x00\x00\x00\x00'
91829,620,0,0,0,0,b'0\x00\x00\x00\x00\x00\x00\x00\x00\x00\x00\x00\x00\x00\x00\x00\x00\x00\x00\x00\x00\x00\x00\x00\x00\x00\x00\x00\x00\x00\x00\x00'
91977,621,0,0,0,0,b'0\x00\x00\x00\x00\x00\x00\x00\x00\x00\x00\x00\x00\x00\x00\x00\x00\x00\x00\x00\x00\x00\x00\x00\x00\x00\x00\x00\x00\x00\x00\x00'
92125,622,0,0,0,0,b'0\x00\x00\x00\x00\x00\x00\x00\x00\x00\x00\x00\x00\x00\x00\x00\x00\x00\x00\x00\x00\x00\x00\x00\x00\x00\x00\x00\x00\x00\x00\x00'
92273,623,0,0,0,0,b'0\x00\x00\x00\x00\x00\x00\x00\x00\x00\x00\x00\x00\x00\x00\x00\x00\x00\x00\x00\x00\x00\x00\x00\x00\x00\x00\x00\x00\x00\x00\x00'
92421,624,0,0,0,0,b'0\x00\x00\x00\x00\x00\x00\x00\x00\x00\x00\x00\x00\x00\x00\x00\x00\x00\x00\x00\x00\x00\x00\x00\x00\x00\x00\x00\x00\x00\x00\x00'
92569,625,0,0,0,0,b'0\x00\x00\x00\x00\x00\x00\x00\x00\x00\x00\x00\x00\x00\x00\x00\x00\x00\x00\x00\x00\x00\x00\x00\x00\x00\x00\x00\x00\x00\x00\x00'
92717,626,0,0,0,0,b'0\x00\x00\x00\x00\x00\x00\x00\x00\x00\x00\x00\x00\x00\x00\x00\x00\x00\x00\x00\x00\x00\x00\x00\x00\x00\x00\x00\x00\x00\x00\x00'
92865,627,0,0,0,0,b'0\x00\x00\x00\x00\x00\x00\x00\x00\x00\x00\x00\x00\x00\x00\x00\x00\x00\x00\x00\x00\x00\x00\x00\x00\x00\x00\x00\x00\x00\x00\x00'
93013,628,0,0,0,0,b'0\x00\x00\x00\x00\x00\x00\x00\x00\x00\x00\x00\x00\x00\x00\x00\x00\x00\x00\x00\x00\x00\x00\x00\x00\x00\x00\x00\x00\x00\x00\x00'
93161,629,0,0,0,0,b'0\x00\x00\x00\x00\x00\x00\x00\x00\x00\x00\x00\x00\x00\x00\x00\x00\x00\x00\x00\x00\x00\x00\x00\x00\x00\x00\x00\x00\x00\x00\x00'
93309,630,0,0,0,0,b'0\x00\x00\x00\x00\x00\x00\x00\x00\x00\x00\x00\x00\x00\x00\x00\x00\x00\x00\x00\x00\x00\x00\x00\x00\x00\x00\x00\x00\x00\x00\x00'
93457,631,0,0,0,0,b'0\x00\x00\x00\x00\x00\x00\x00\x00\x00\x00\x00\x00\x00\x00\x00\x00\x00\x00\x00\x00\x00\x00\x00\x00\x00\x00\x00\x00\x00\x00\x00'
93605,632,0,0,0,0,b'0\x00\x00\x00\x00\x00\x00\x00\x00\x00\x00\x00\x00\x00\x00\x00\x00\x00\x00\x00\x00\x00\x00\x00\x00\x00\x00\x00\x00\x00\x00\x00'
93753,633,0,0,0,0,b'0\x00\x00\x00\x00\x00\x00\x00\x00\x00\x00\x00\x00\x00\x00\x00\x00\x00\x00\x00\x00\x00\x00\x00\x00\x00\x00\x00\x00\x00\x00\x00'
93901,634,0,0,0,0,b'0\x00\x00\x00\x00\x00\x00\x00\x00\x00\x00\x00\x00\x00\x00\x00\x00\x00\x00\x00\x00\x00\x00\x00\x00\x00\x00\x00\x00\x00\x00\x00'
94049,635,0,0,0,0,b'0\x00\x00\x00\x00\x00\x00\x00\x00\x00\x00\x00\x00\x00\x00\x00\x00\x00\x00\x00\x00\x00\x00\x00\x00\x00\x00\x00\x00\x00\x00\x00'
94197,636,0,0,0,0,b'0\x00\x00\x00\x00\x00\x00\x00\x00\x00\x00\x00\x00\x00\x00\x00\x00\x00\x00\x00\x00\x00\x00\x00\x00\x00\x00\x00\x00\x00\x00\x00'
94345,637,0,0,0,0,b'0\x00\x00\x00\x00\x00\x00\x00\x00\x00\x00\x00\x00\x00\x00\x00\x00\x00\x00\x00\x00\x00\x00\x00\x00\x00\x00\x00\x00\x00\x00\x00'
94493,638,0,0,0,0,b'0\x00\x00\x00\x00\x00\x00\x00\x00\x00\x00\x00\x00\x00\x00\x00\x00\x00\x00\x00\x00\x00\x00\x00\x00\x00\x00\x00\x00\x00\x00\x00'
94641,639,0,0,0,0,b'0\x00\x00\x00\x00\x00\x00\x00\x00\x00\x00\x00\x00\x00\x00\x00\x00\x00\x00\x00\x00\x00\x00\x00\x00\x00\x00\x00\x00\x00\x00\x00'
94789,640,0,0,0,0,b'0\x00\x00\x00\x00\x00\x00\x00\x00\x00\x00\x00\x00\x00\x00\x00\x00\x00\x00\x00\x00\x00\x00\x00\x00\x00\x00\x00\x00\x00\x00\x00'
94937,641,0,0,0,0,b'0\x00\x00\x00\x00\x00\x00\x00\x00\x00\x00\x00\x00\x00\x00\x00\x00\x00\x00\x00\x00\x00\x00\x00\x00\x00\x00\x00\x00\x00\x00\x00'
95085,642,0,0,0,0,b'0\x00\x00\x00\x00\x00\x00\x00\x00\x00\x00\x00\x00\x00\x00\x00\x00\x00\x00\x00\x00\x00\x00\x00\x00\x00\x00\x00\x00\x00\x00\x00'
95233,643,0,0,0,0,b'0\x00\x00\x00\x00\x00\x00\x00\x00\x00\x00\x00\x00\x00\x00\x00\x00\x00\x00\x00\x00\x00\x00\x00\x00\x00\x00\x00\x00\x00\x00\x00'
95381,644,0,0,0,0,b'0\x00\x00\x00\x00\x00\x00\x00\x00\x00\x00\x00\x00\x00\x00\x00\x00\x00\x00\x00\x00\x00\x00\x00\x00\x00\x00\x00\x00\x00\x00\x00'
95529,645,0,0,0,0,b'0\x00\x00\x00\x00\x00\x00\x00\x00\x00\x00\x00\x00\x00\x00\x00\x00\x00\x00\x00\x00\x00\x00\x00\x00\x00\x00\x00\x00\x00\x00\x00'
95677,646,0,0,0,0,b'0\x00\x00\x00\x00\x00\x00\x00\x00\x00\x00\x00\x00\x00\x00\x00\x00\x00\x00\x00\x00\x00\x00\x00\x00\x00\x00\x00\x00\x00\x00\x00'
95825,647,0,0,0,0,b'0\x00\x00\x00\x00\x00\x00\x00\x00\x00\x00\x00\x00\x00\x00\x00\x00\x00\x00\x00\x00\x00\x00\x00\x00\x00\x00\x00\x00\x00\x00\x00'
95973,648,0,0,0,0,b'0\x00\x00\x00\x00\x00\x00\x00\x00\x00\x00\x00\x00\x00\x00\x00\x00\x00\x00\x00\x00\x00\x00\x00\x00\x00\x00\x00\x00\x00\x00\x00'
96121,649,0,0,0,0,b'0\x00\x00\x00\x00\x00\x00\x00\x00\x00\x00\x00\x00\x00\x00\x00\x00\x00\x00\x00\x00\x00\x00\x00\x00\x00\x00\x00\x00\x00\x00\x00'
96269,650,0,0,0,0,b'0\x00\x00\x00\x00\x00\x00\x00\x00\x00\x00\x00\x00\x00\x00\x00\x00\x00\x00\x00\x00\x00\x00\x00\x00\x00\x00\x00\x00\x00\x00\x00'
96417,651,0,0,0,0,b'0\x00\x00\x00\x00\x00\x00\x00\x00\x00\x00\x00\x00\x00\x00\x00\x00\x00\x00\x00\x00\x00\x00\x00\x00\x00\x00\x00\x00\x00\x00\x00'
96565,652,0,0,0,0,b'0\x00\x00\x00\x00\x00\x00\x00\x00\x00\x00\x00\x00\x00\x00\x00\x00\x00\x00\x00\x00\x00\x00\x00\x00\x00\x00\x00\x00\x00\x00\x00'
96713,653,0,0,0,0,b'0\x00\x00\x00\x00\x00\x00\x00\x00\x00\x00\x00\x00\x00\x00\x00\x00\x00\x00\x00\x00\x00\x00\x00\x00\x00\x00\x00\x00\x00\x00\x00'
96861,654,0,0,0,0,b'0\x00\x00\x00\x00\x00\x00\x00\x00\x00\x00\x00\x00\x00\x00\x00\x00\x00\x00\x00\x00\x00\x00\x00\x00\x00\x00\x00\x00\x00\x00\x00'
97009,655,0,0,0,0,b'0\x00\x00\x00\x00\x00\x00\x00\x00\x00\x00\x00\x00\x00\x00\x00\x00\x00\x00\x00\x00\x00\x00\x00\x00\x00\x00\x00\x00\x00\x00\x00'
97157,656,0,0,0,0,b'0\x00\x00\x00\x00\x00\x00\x00\x00\x00\x00\x00\x00\x00\x00\x00\x00\x00\x00\x00\x00\x00\x00\x00\x00\x00\x00\x00\x00\x00\x00\x00'
97305,657,0,0,0,0,b'0\x00\x00\x00\x00\x00\x00\x00\x00\x00\x00\x00\x00\x00\x00\x00\x00\x00\x00\x00\x00\x00\x00\x00\x00\x00\x00\x00\x00\x00\x00\x00'
97453,658,0,0,0,0,b'0\x00\x00\x00\x00\x00\x00\x00\x00\x00\x00\x00\x00\x00\x00\x00\x00\x00\x00\x00\x00\x00\x00\x00\x00\x00\x00\x00\x00\x00\x00\x00'
97601,659,0,0,0,0,b'0\x00\x00\x00\x00\x00\x00\x00\x00\x00\x00\x00\x00\x00\x00\x00\x00\x00\x00\x00\x00\x00\x00\x00\x00\x00\x00\x00\x00\x00\x00\x00'
97749,660,0,0,0,0,b'0\x00\x00\x00\x00\x00\x00\x00\x00\x00\x00\x00\x00\x00\x00\x00\x00\x00\x00\x00\x00\x00\x00\x00\x00\x00\x00\x00\x00\x00\x00\x00'
97897,661,0,0,0,0,b'0\x00\x00\x00\x00\x00\x00\x00\x00\x00\x00\x00\x00\x00\x00\x00\x00\x00\x00\x00\x00\x00\x00\x00\x00\x00\x00\x00\x00\x00\x00\x00'
98045,662,0,0,0,0,b'0\x00\x00\x00\x00\x00\x00\x00\x00\x00\x00\x00\x00\x00\x00\x00\x00\x00\x00\x00\x00\x00\x00\x00\x00\x00\x00\x00\x00\x00\x00\x00'
98193,663,0,0,0,0,b'0\x00\x00\x00\x00\x00\x00\x00\x00\x00\x00\x00\x00\x00\x00\x00\x00\x00\x00\x00\x00\x00\x00\x00\x00\x00\x00\x00\x00\x00\x00\x00'
98341,664,0,0,0,0,b'0\x00\x00\x00\x00\x00\x00\x00\x00\x00\x00\x00\x00\x00\x00\x00\x00\x00\x00\x00\x00\x00\x00\x00\x00\x00\x00\x00\x00\x00\x00\x00'
98489,665,0,0,0,0,b'0\x00\x00\x00\x00\x00\x00\x00\x00\x00\x00\x00\x00\x00\x00\x00\x00\x00\x00\x00\x00\x00\x00\x00\x00\x00\x00\x00\x00\x00\x00\x00'
98637,666,0,0,0,0,b'0\x00\x00\x00\x00\x00\x00\x00\x00\x00\x00\x00\x00\x00\x00\x00\x00\x00\x00\x00\x00\x00\x00\x00\x00\x00\x00\x00\x00\x00\x00\x00'
98785,667,0,0,0,0,b'0\x00\x00\x00\x00\x00\x00\x00\x00\x00\x00\x00\x00\x00\x00\x00\x00\x00\x00\x00\x00\x00\x00\x00\x00\x00\x00\x00\x00\x00\x00\x00'
98933,668,0,0,0,0,b'0\x00\x00\x00\x00\x00\x00\x00\x00\x00\x00\x00\x00\x00\x00\x00\x00\x00\x00\x00\x00\x00\x00\x00\x00\x00\x00\x00\x00\x00\x00\x00'
99081,669,0,0,0,0,b'0\x00\x00\x00\x00\x00\x00\x00\x00\x00\x00\x00\x00\x00\x00\x00\x00\x00\x00\x00\x00\x00\x00\x00\x00\x00\x00\x00\x00\x00\x00\x00'
99229,670,0,0,0,0,b'0\x00\x00\x00\x00\x00\x00\x00\x00\x00\x00\x00\x00\x00\x00\x00\x00\x00\x00\x00\x00\x00\x00\x00\x00\x00\x00\x00\x00\x00\x00\x00'
99377,671,0,0,0,0,b'0\x00\x00\x00\x00\x00\x00\x00\x00\x00\x00\x00\x00\x00\x00\x00\x00\x00\x00\x00\x00\x00\x00\x00\x00\x00\x00\x00\x00\x00\x00\x00'
99525,672,0,0,0,0,b'0\x00\x00\x00\x00\x00\x00\x00\x00\x00\x00\x00\x00\x00\x00\x00\x00\x00\x00\x00\x00\x00\x00\x00\x00\x00\x00\x00\x00\x00\x00\x00'
99673,673,0,0,0,0,b'0\x00\x00\x00\x00\x00\x00\x00\x00\x00\x00\x00\x00\x00\x00\x00\x00\x00\x00\x00\x00\x00\x00\x00\x00\x00\x00\x00\x00\x00\x00\x00'
99821,674,0,0,0,0,b'0\x00\x00\x00\x00\x00\x00\x00\x00\x00\x00\x00\x00\x00\x00\x00\x00\x00\x00\x00\x00\x00\x00\x00\x00\x00\x00\x00\x00\x00\x00\x00'
99969,675,0,0,0,0,b'0\x00\x00\x00\x00\x00\x00\x00\x00\x00\x00\x00\x00\x00\x00\x00\x00\x00\x00\x00\x00\x00\x00\x00\x00\x00\x00\x00\x00\x00\x00\x00'
100117,676,0,0,0,0,b'0\x00\x00\x00\x00\x00\x00\x00\x00\x00\x00\x00\x00\x00\x00\x00\x00\x00\x00\x00\x00\x00\x00\x00\x00\x00\x00\x00\x00\x00\x00\x00'
100265,677,0,0,0,0,b'0\x00\x00\x00\x00\x00\x00\x00\x00\x00\x00\x00\x00\x00\x00\x00\x00\x00\x00\x00\x00\x00\x00\x00\x00\x00\x00\x00\x00\x00\x00\x00'
100413,678,0,0,0,0,b'0\x00\x00\x00\x00\x00\x00\x00\x00\x00\x00\x00\x00\x00\x00\x00\x00\x00\x00\x00\x00\x00\x00\x00\x00\x00\x00\x00\x00\x00\x00\x00'
100561,679,0,0,0,0,b'0\x00\x00\x00\x00\x00\x00\x00\x00\x00\x00\x00\x00\x00\x00\x00\x00\x00\x00\x00\x00\x00\x00\x00\x00\x00\x00\x00\x00\x00\x00\x00'
100709,680,0,0,0,0,b'0\x00\x00\x00\x00\x00\x00\x00\x00\x00\x00\x00\x00\x00\x00\x00\x00\x00\x00\x00\x00\x00\x00\x00\x00\x00\x00\x00\x00\x00\x00\x00'
100857,681,0,0,0,0,b'0\x00\x00\x00\x00\x00\x00\x00\x00\x00\x00\x00\x00\x00\x00\x00\x00\x00\x00\x00\x00\x00\x00\x00\x00\x00\x00\x00\x00\x00\x00\x00'
101005,682,0,0,0,0,b'0\x00\x00\x00\x00\x00\x00\x00\x00\x00\x00\x00\x00\x00\x00\x00\x00\x00\x00\x00\x00\x00\x00\x00\x00\x00\x00\x00\x00\x00\x00\x00'
101153,683,0,0,0,0,b'0\x00\x00\x00\x00\x00\x00\x00\x00\x00\x00\x00\x00\x00\x00\x00\x00\x00\x00\x00\x00\x00\x00\x00\x00\x00\x00\x00\x00\x00\x00\x00'
101301,684,0,0,0,0,b'0\x00\x00\x00\x00\x00\x00\x00\x00\x00\x00\x00\x00\x00\x00\x00\x00\x00\x00\x00\x00\x00\x00\x00\x00\x00\x00\x00\x00\x00\x00\x00'
101449,685,0,0,0,0,b'0\x00\x00\x00\x00\x00\x00\x00\x00\x00\x00\x00\x00\x00\x00\x00\x00\x00\x00\x00\x00\x00\x00\x00\x00\x00\x00\x00\x00\x00\x00\x00'
101597,686,0,0,0,0,b'0\x00\x00\x00\x00\x00\x00\x00\x00\x00\x00\x00\x00\x00\x00\x00\x00\x00\x00\x00\x00\x00\x00\x00\x00\x00\x00\x00\x00\x00\x00\x00'
101745,687,0,0,0,0,b'0\x00\x00\x00\x00\x00\x00\x00\x00\x00\x00\x00\x00\x00\x00\x00\x00\x00\x00\x00\x00\x00\x00\x00\x00\x00\x00\x00\x00\x00\x00\x00'
101893,688,0,0,0,0,b'0\x00\x00\x00\x00\x00\x00\x00\x00\x00\x00\x00\x00\x00\x00\x00\x00\x00\x00\x00\x00\x00\x00\x00\x00\x00\x00\x00\x00\x00\x00\x00'
102041,689,0,0,0,0,b'0\x00\x00\x00\x00\x00\x00\x00\x00\x00\x00\x00\x00\x00\x00\x00\x00\x00\x00\x00\x00\x00\x00\x00\x00\x00\x00\x00\x00\x00\x00\x00'
102189,690,0,0,0,0,b'0\x00\x00\x00\x00\x00\x00\x00\x00\x00\x00\x00\x00\x00\x00\x00\x00\x00\x00\x00\x00\x00\x00\x00\x00\x00\x00\x00\x00\x00\x00\x00'
102337,691,0,0,0,0,b'0\x00\x00\x00\x00\x00\x00\x00\x00\x00\x00\x00\x00\x00\x00\x00\x00\x00\x00\x00\x00\x00\x00\x00\x00\x00\x00\x00\x00\x00\x00\x00'
102485,692,0,0,0,0,b'0\x00\x00\x00\x00\x00\x00\x00\x00\x00\x00\x00\x00\x00\x00\x00\x00\x00\x00\x00\x00\x00\x00\x00\x00\x00\x00\x00\x00\x00\x00\x00'
102633,693,0,0,0,0,b'0\x00\x00\x00\x00\x00\x00\x00\x00\x00\x00\x00\x00\x00\x00\x00\x00\x00\x00\x00\x00\x00\x00\x00\x00\x00\x00\x00\x00\x00\x00\x00'
102781,694,0,0,0,0,b'0\x00\x00\x00\x00\x00\x00\x00\x00\x00\x00\x00\x00\x00\x00\x00\x00\x00\x00\x00\x00\x00\x00\x00\x00\x00\x00\x00\x00\x00\x00\x00'
102929,695,0,0,0,0,b'0\x00\x00\x00\x00\x00\x00\x00\x00\x00\x00\x00\x00\x00\x00\x00\x00\x00\x00\x00\x00\x00\x00\x00\x00\x00\x00\x00\x00\x00\x00\x00'
103077,696,0,0,0,0,b'0\x00\x00\x00\x00\x00\x00\x00\x00\x00\x00\x00\x00\x00\x00\x00\x00\x00\x00\x00\x00\x00\x00\x00\x00\x00\x00\x00\x00\x00\x00\x00'
103225,697,0,0,0,0,b'0\x00\x00\x00\x00\x00\x00\x00\x00\x00\x00\x00\x00\x00\x00\x00\x00\x00\x00\x00\x00\x00\x00\x00\x00\x00\x00\x00\x00\x00\x00\x00'
103373,698,0,0,0,0,b'0\x00\x00\x00\x00\x00\x00\x00\x00\x00\x00\x00\x00\x00\x00\x00\x00\x00\x00\x00\x00\x00\x00\x00\x00\x00\x00\x00\x00\x00\x00\x00'
103521,699,0,0,0,0,b'0\x00\x00\x00\x00\x00\x00\x00\x00\x00\x00\x00\x00\x00\x00\x00\x00\x00\x00\x00\x00\x00\x00\x00\x00\x00\x00\x00\x00\x00\x00\x00'
103669,700,0,0,0,0,b'0\x00\x00\x00\x00\x00\x00\x00\x00\x00\x00\x00\x00\x00\x00\x00\x00\x00\x00\x00\x00\x00\x00\x00\x00\x00\x00\x00\x00\x00\x00\x00'
